"RANKINDEX","PrePRODUCT_ID","PrePRODUCT_NAME","PreCATEGORY","PreBRAND","PreCOST_PRICE","PreUNIT_PRICE","TRANSACTION_ID","STORE_ID","TRANSACTION_DATE","PRODUCT_ID","QUANTITY","DISCOUNT_PERCENT","f","o_YEAR","o_MONTH","TOTAL_QUANTITY"
1,"P_004","Product 004","Sports","BrandC","89.45","155.17","113288","102","10/31/2024","P_004","4","15",,"2024","10","16"
2,"P_001","Product 001","Home","BrandD","291.46","482.98","113258","106","10/11/2024","P_001","5","0",,"2024","10","22"
3,"P_043","Product 043","Home","BrandA","216.59","306.16","113252","101","10/16/2024","P_043","4","10",,"2024","10","24"
4,"P_005","Product 005","Sports","BrandD","58.75","90.98","113406","106","10/4/2024","P_005","1","20",,"2024","10","27"
4,"P_015","Product 015","Home","BrandD","281.43","463.89","113300","102","10/28/2024","P_015","3","15",,"2024","10","27"
6,"P_026","Product 026","Clothing","BrandB","148.98","285.01","113248","102","10/29/2024","P_026","4","20",,"2024","10","30"
7,"P_003","Product 003","Clothing","BrandD","95.83","145.24","113232","101","10/2/2024","P_003","4","5",,"2024","10","31"
8,"P_011","Product 011","Home","BrandA","63.95","107.43","113236","106","10/13/2024","P_011","2","5",,"2024","10","33"
8,"P_019","Product 019","Electronics","BrandB","170.91","230.23","113240","105","10/3/2024","P_019","5","10",,"2024","10","33"
10,"P_008","Product 008","Clothing","BrandC","110.44","203.49","113293","107","10/18/2024","P_008","3","10",,"2024","10","34"
10,"P_021","Product 021","Grocery","BrandD","112.23","191.7","113236","106","10/13/2024","P_021","3","5",,"2024","10","34"
10,"P_041","Product 041","Home","BrandB","230.38","350.8","113243","104","10/7/2024","P_041","1","5",,"2024","10","34"
13,"P_028","Product 028","Grocery","BrandB","285.08","486.14","113275","101","10/9/2024","P_028","1","0",,"2024","10","36"
14,"P_024","Product 024","Electronics","BrandC","208.42","299.74","113242","108","10/4/2024","P_024","1","20",,"2024","10","37"
14,"P_027","Product 027","Clothing","BrandD","116.38","197.63","113276","101","10/27/2024","P_027","5","15",,"2024","10","37"
14,"P_037","Product 037","Clothing","BrandB","67.57","108.84","113238","107","10/17/2024","P_037","1","5",,"2024","10","37"
17,"P_038","Product 038","Sports","BrandC","324.13","448.92","113233","102","10/10/2024","P_038","3","15",,"2024","10","38"
18,"P_012","Product 012","Clothing","BrandD","260.56","358.56","113238","105","10/17/2024","P_012","2","5",,"2024","10","39"
18,"P_032","Product 032","Home","BrandB","115.04","135.47","113332","106","10/6/2024","P_032","5","10",,"2024","10","39"
18,"P_034","Product 034","Electronics","BrandD","301.56","358.22","113253","102","10/14/2024","P_034","3","10",,"2024","10","39"
21,"P_030","Product 030","Home","BrandB","272.48","363.65","113245","104","10/30/2024","P_030","3","20",,"2024","10","40"
21,"P_040","Product 040","Grocery","BrandA","196.15","286.01","113276","106","10/27/2024","P_040","5","20",,"2024","10","40"
23,"P_023","Product 023","Home","BrandA","193.9","336.3","113245","104","10/30/2024","P_023","4","5",,"2024","10","41"
23,"P_050","Product 050","Home","BrandB","202.07","315.93","113257","104","10/11/2024","P_050","4","0",,"2024","10","41"
25,"P_010","Product 010","Sports","BrandB","13.81","16.9","113259","103","10/1/2024","P_010","4","15",,"2024","10","42"
25,"P_035","Product 035","Clothing","BrandC","41.43","64.34","113269","106","10/26/2024","P_035","4","10",,"2024","10","42"
25,"P_049","Product 049","Grocery","BrandD","372.65","441.43","113265","102","10/19/2024","P_049","4","0",,"2024","10","42"
28,"P_031","Product 031","Clothing","BrandD","69.33","125.63","113234","108","10/30/2024","P_031","1","15",,"2024","10","43"
29,"P_007","Product 007","Clothing","BrandD","133.42","217.47","113279","101","10/28/2024","P_007","2","10",,"2024","10","44"
30,"P_017","Product 017","Home","BrandB","314.84","458.33","113276","101","10/27/2024","P_017","5","20",,"2024","10","45"
30,"P_029","Product 029","Home","BrandB","316.8","425.97","113232","106","10/2/2024","P_029","4","20",,"2024","10","45"
32,"P_002","Product 002","Sports","BrandC","165.08","307.45","113278","101","10/13/2024","P_002","3","5",,"2024","10","46"
33,"P_022","Product 022","Sports","BrandB","188.76","337.73","113259","105","10/1/2024","P_022","4","0",,"2024","10","49"
33,"P_039","Product 039","Electronics","BrandD","179.34","242.93","113235","107","10/3/2024","P_039","1","0",,"2024","10","49"
33,"P_046","Product 046","Electronics","BrandB","276","472","113235","108","10/3/2024","P_046","2","10",,"2024","10","49"
36,"P_014","Product 014","Grocery","BrandD","191.33","306.92","113237","101","10/15/2024","P_014","1","10",,"2024","10","51"
36,"P_045","Product 045","Grocery","BrandA","68.92","109.5","113239","106","10/26/2024","P_045","5","5",,"2024","10","51"
38,"P_044","Product 044","Grocery","BrandD","145.03","274.52","113255","101","10/31/2024","P_044","1","10",,"2024","10","52"
39,"P_013","Product 013","Sports","BrandB","198.67","397.19","113251","102","10/3/2024","P_013","1","20",,"2024","10","53"
40,"P_036","Product 036","Sports","BrandD","115.24","225.27","113231","107","10/28/2024","P_036","1","10",,"2024","10","54"
41,"P_009","Product 009","Clothing","BrandC","96.09","153.81","113233","105","10/10/2024","P_009","5","20",,"2024","10","55"
42,"P_020","Product 020","Home","BrandB","33.73","56.75","113249","104","10/9/2024","P_020","5","10",,"2024","10","56"
42,"P_033","Product 033","Home","BrandC","17.69","29.81","113239","101","10/26/2024","P_033","5","20",,"2024","10","56"
44,"P_006","Product 006","Grocery","BrandA","14.29","17.66","113267","101","10/23/2024","P_006","2","0",,"2024","10","57"
44,"P_025","Product 025","Electronics","BrandB","92.74","144.61","113245","101","10/30/2024","P_025","3","20",,"2024","10","57"
46,"P_016","Product 016","Grocery","BrandB","183.48","329.03","113260","101","10/27/2024","P_016","4","0",,"2024","10","60"
47,"P_018","Product 018","Sports","BrandB","285.64","426.52","113244","105","10/31/2024","P_018","1","10",,"2024","10","62"
47,"P_042","Product 042","Electronics","BrandD","54.28","78.27","113256","106","10/19/2024","P_042","4","10",,"2024","10","62"
49,"P_047","Product 047","Grocery","BrandC","237.02","303.44","113268","108","10/25/2024","P_047","5","15",,"2024","10","66"
50,"P_048","Product 048","Sports","BrandA","232.9","350.44","113242","108","10/4/2024","P_048","5","15",,"2024","10","81"
1,"P_001","Product 001","Home","BrandD","291.46","482.98","113764","104","11/27/2024","P_001","1","20",,"2024","11","26"
2,"P_025","Product 025","Electronics","BrandB","92.74","144.61","113729","102","11/9/2024","P_025","2","15",,"2024","11","29"
2,"P_049","Product 049","Grocery","BrandD","372.65","441.43","113817","107","11/16/2024","P_049","3","0",,"2024","11","29"
4,"P_009","Product 009","Clothing","BrandC","96.09","153.81","113732","106","11/23/2024","P_009","4","10",,"2024","11","31"
5,"P_014","Product 014","Grocery","BrandD","191.33","306.92","113784","105","11/7/2024","P_014","2","15",,"2024","11","33"
5,"P_023","Product 023","Home","BrandA","193.9","336.3","113746","106","11/4/2024","P_023","1","0",,"2024","11","33"
7,"P_006","Product 006","Grocery","BrandA","14.29","17.66","113758","106","11/23/2024","P_006","3","10",,"2024","11","34"
8,"P_007","Product 007","Clothing","BrandD","133.42","217.47","113799","102","11/1/2024","P_007","2","10",,"2024","11","36"
8,"P_032","Product 032","Home","BrandB","115.04","135.47","113737","104","11/11/2024","P_032","3","0",,"2024","11","36"
8,"P_046","Product 046","Electronics","BrandB","276","472","113870","106","11/15/2024","P_046","2","10",,"2024","11","36"
11,"P_005","Product 005","Sports","BrandD","58.75","90.98","113752","104","11/2/2024","P_005","1","20",,"2024","11","37"
11,"P_010","Product 010","Sports","BrandB","13.81","16.9","113730","106","11/3/2024","P_010","5","0",,"2024","11","37"
11,"P_015","Product 015","Home","BrandD","281.43","463.89","113764","106","11/27/2024","P_015","4","15",,"2024","11","37"
11,"P_026","Product 026","Clothing","BrandB","148.98","285.01","113783","103","11/17/2024","P_026","5","15",,"2024","11","37"
15,"P_030","Product 030","Home","BrandB","272.48","363.65","113755","104","11/16/2024","P_030","1","20",,"2024","11","38"
15,"P_031","Product 031","Clothing","BrandD","69.33","125.63","113731","108","11/14/2024","P_031","1","10",,"2024","11","38"
17,"P_008","Product 008","Clothing","BrandC","110.44","203.49","113785","103","11/4/2024","P_008","4","0",,"2024","11","39"
17,"P_012","Product 012","Clothing","BrandD","260.56","358.56","113763","108","11/18/2024","P_012","5","20",,"2024","11","39"
17,"P_028","Product 028","Grocery","BrandB","285.08","486.14","113758","103","11/23/2024","P_028","5","5",,"2024","11","39"
20,"P_003","Product 003","Clothing","BrandD","95.83","145.24","113819","106","11/26/2024","P_003","4","10",,"2024","11","41"
20,"P_016","Product 016","Grocery","BrandB","183.48","329.03","113731","102","11/14/2024","P_016","4","15",,"2024","11","41"
22,"P_033","Product 033","Home","BrandC","17.69","29.81","113802","105","11/7/2024","P_033","1","20",,"2024","11","42"
23,"P_044","Product 044","Grocery","BrandD","145.03","274.52","113745","104","11/7/2024","P_044","1","0",,"2024","11","44"
24,"P_018","Product 018","Sports","BrandB","285.64","426.52","113772","105","11/20/2024","P_018","4","0",,"2024","11","45"
24,"P_021","Product 021","Grocery","BrandD","112.23","191.7","113761","106","11/5/2024","P_021","2","15",,"2024","11","45"
24,"P_045","Product 045","Grocery","BrandA","68.92","109.5","113734","106","11/19/2024","P_045","3","5",,"2024","11","45"
27,"P_038","Product 038","Sports","BrandC","324.13","448.92","113790","102","11/3/2024","P_038","5","10",,"2024","11","47"
27,"P_043","Product 043","Home","BrandA","216.59","306.16","113765","101","11/9/2024","P_043","5","5",,"2024","11","47"
29,"P_013","Product 013","Sports","BrandB","198.67","397.19","113734","105","11/19/2024","P_013","1","5",,"2024","11","48"
29,"P_035","Product 035","Clothing","BrandC","41.43","64.34","113738","101","11/25/2024","P_035","3","0",,"2024","11","48"
31,"P_042","Product 042","Electronics","BrandD","54.28","78.27","113728","103","11/12/2024","P_042","5","15",,"2024","11","50"
32,"P_034","Product 034","Electronics","BrandD","301.56","358.22","113733","105","11/22/2024","P_034","2","15",,"2024","11","51"
33,"P_047","Product 047","Grocery","BrandC","237.02","303.44","113866","102","11/11/2024","P_047","5","5",,"2024","11","52"
34,"P_024","Product 024","Electronics","BrandC","208.42","299.74","113732","104","11/23/2024","P_024","2","0",,"2024","11","53"
35,"P_037","Product 037","Clothing","BrandB","67.57","108.84","113730","104","11/3/2024","P_037","3","20",,"2024","11","54"
35,"P_039","Product 039","Electronics","BrandD","179.34","242.93","113741","104","11/6/2024","P_039","3","0",,"2024","11","54"
35,"P_040","Product 040","Grocery","BrandA","196.15","286.01","113761","106","11/5/2024","P_040","3","15",,"2024","11","54"
38,"P_020","Product 020","Home","BrandB","33.73","56.75","113736","106","11/21/2024","P_020","4","0",,"2024","11","56"
39,"P_027","Product 027","Clothing","BrandD","116.38","197.63","113795","103","11/24/2024","P_027","5","5",,"2024","11","58"
39,"P_041","Product 041","Home","BrandB","230.38","350.8","113791","105","11/3/2024","P_041","5","15",,"2024","11","58"
41,"P_022","Product 022","Sports","BrandB","188.76","337.73","113735","105","11/26/2024","P_022","5","20",,"2024","11","59"
42,"P_002","Product 002","Sports","BrandC","165.08","307.45","113744","105","11/28/2024","P_002","3","5",,"2024","11","61"
42,"P_029","Product 029","Home","BrandB","316.8","425.97","113728","108","11/12/2024","P_029","5","20",,"2024","11","61"
42,"P_048","Product 048","Sports","BrandA","232.9","350.44","113827","108","11/16/2024","P_048","4","10",,"2024","11","61"
42,"P_050","Product 050","Home","BrandB","202.07","315.93","113766","101","11/17/2024","P_050","5","15",,"2024","11","61"
46,"P_017","Product 017","Home","BrandB","314.84","458.33","113738","107","11/25/2024","P_017","2","0",,"2024","11","64"
47,"P_019","Product 019","Electronics","BrandB","170.91","230.23","113728","103","11/12/2024","P_019","4","5",,"2024","11","68"
47,"P_036","Product 036","Sports","BrandD","115.24","225.27","113758","106","11/23/2024","P_036","4","0",,"2024","11","68"
49,"P_004","Product 004","Sports","BrandC","89.45","155.17","113797","108","11/29/2024","P_004","1","15",,"2024","11","72"
50,"P_011","Product 011","Home","BrandA","63.95","107.43","113750","108","11/27/2024","P_011","5","15",,"2024","11","73"
1,"P_030","Product 030","Home","BrandB","272.48","363.65","114378","108","12/29/2024","P_030","1","5",,"2024","12","20"
2,"P_014","Product 014","Grocery","BrandD","191.33","306.92","114250","102","12/12/2024","P_014","4","20",,"2024","12","24"
3,"P_008","Product 008","Clothing","BrandC","110.44","203.49","114242","104","12/14/2024","P_008","2","20",,"2024","12","27"
3,"P_019","Product 019","Electronics","BrandB","170.91","230.23","114319","103","12/25/2024","P_019","5","15",,"2024","12","27"
3,"P_027","Product 027","Clothing","BrandD","116.38","197.63","114237","107","12/16/2024","P_027","1","15",,"2024","12","27"
6,"P_047","Product 047","Grocery","BrandC","237.02","303.44","114247","104","12/18/2024","P_047","5","0",,"2024","12","30"
7,"P_025","Product 025","Electronics","BrandB","92.74","144.61","114283","102","12/20/2024","P_025","5","15",,"2024","12","31"
8,"P_012","Product 012","Clothing","BrandD","260.56","358.56","114268","107","12/24/2024","P_012","3","0",,"2024","12","32"
8,"P_018","Product 018","Sports","BrandB","285.64","426.52","114259","104","12/11/2024","P_018","5","15",,"2024","12","32"
8,"P_033","Product 033","Home","BrandC","17.69","29.81","114266","105","12/25/2024","P_033","4","15",,"2024","12","32"
8,"P_036","Product 036","Sports","BrandD","115.24","225.27","114231","102","12/8/2024","P_036","1","15",,"2024","12","32"
12,"P_002","Product 002","Sports","BrandC","165.08","307.45","114262","103","12/18/2024","P_002","1","10",,"2024","12","33"
12,"P_050","Product 050","Home","BrandB","202.07","315.93","114265","103","12/10/2024","P_050","4","5",,"2024","12","33"
14,"P_043","Product 043","Home","BrandA","216.59","306.16","114233","108","12/1/2024","P_043","4","5",,"2024","12","34"
15,"P_046","Product 046","Electronics","BrandB","276","472","114230","107","12/25/2024","P_046","5","5",,"2024","12","35"
16,"P_007","Product 007","Clothing","BrandD","133.42","217.47","114249","108","12/20/2024","P_007","1","0",,"2024","12","36"
17,"P_022","Product 022","Sports","BrandB","188.76","337.73","114236","102","12/25/2024","P_022","5","15",,"2024","12","37"
17,"P_028","Product 028","Grocery","BrandB","285.08","486.14","114270","101","12/29/2024","P_028","1","0",,"2024","12","37"
17,"P_037","Product 037","Clothing","BrandB","67.57","108.84","114245","103","12/8/2024","P_037","2","0",,"2024","12","37"
17,"P_048","Product 048","Sports","BrandA","232.9","350.44","114229","104","12/22/2024","P_048","4","0",,"2024","12","37"
21,"P_004","Product 004","Sports","BrandC","89.45","155.17","114251","102","12/27/2024","P_004","5","5",,"2024","12","38"
21,"P_031","Product 031","Clothing","BrandD","69.33","125.63","114248","101","12/18/2024","P_031","2","0",,"2024","12","38"
23,"P_016","Product 016","Grocery","BrandB","183.48","329.03","114252","108","12/5/2024","P_016","1","15",,"2024","12","39"
23,"P_021","Product 021","Grocery","BrandD","112.23","191.7","114246","106","12/31/2024","P_021","5","5",,"2024","12","39"
25,"P_003","Product 003","Clothing","BrandD","95.83","145.24","114232","107","12/24/2024","P_003","2","20",,"2024","12","40"
25,"P_011","Product 011","Home","BrandA","63.95","107.43","114279","102","12/7/2024","P_011","1","10",,"2024","12","40"
25,"P_017","Product 017","Home","BrandB","314.84","458.33","114282","108","12/16/2024","P_017","2","20",,"2024","12","40"
25,"P_040","Product 040","Grocery","BrandA","196.15","286.01","114261","108","12/22/2024","P_040","5","0",,"2024","12","40"
25,"P_049","Product 049","Grocery","BrandD","372.65","441.43","114230","101","12/25/2024","P_049","5","0",,"2024","12","40"
30,"P_010","Product 010","Sports","BrandB","13.81","16.9","114228","107","12/13/2024","P_010","4","15",,"2024","12","42"
30,"P_035","Product 035","Clothing","BrandC","41.43","64.34","114243","104","12/20/2024","P_035","2","15",,"2024","12","42"
32,"P_020","Product 020","Home","BrandB","33.73","56.75","114266","105","12/25/2024","P_020","4","5",,"2024","12","44"
33,"P_013","Product 013","Sports","BrandB","198.67","397.19","114229","104","12/22/2024","P_013","2","20",,"2024","12","45"
33,"P_032","Product 032","Home","BrandB","115.04","135.47","114225","102","12/4/2024","P_032","5","15",,"2024","12","45"
35,"P_034","Product 034","Electronics","BrandD","301.56","358.22","114260","104","12/11/2024","P_034","4","0",,"2024","12","46"
36,"P_001","Product 001","Home","BrandD","291.46","482.98","114308","103","12/13/2024","P_001","5","5",,"2024","12","47"
37,"P_005","Product 005","Sports","BrandD","58.75","90.98","114226","107","12/10/2024","P_005","3","15",,"2024","12","48"
37,"P_042","Product 042","Electronics","BrandD","54.28","78.27","114258","104","12/13/2024","P_042","1","0",,"2024","12","48"
39,"P_006","Product 006","Grocery","BrandA","14.29","17.66","114241","103","12/6/2024","P_006","1","15",,"2024","12","51"
39,"P_015","Product 015","Home","BrandD","281.43","463.89","114239","106","12/16/2024","P_015","2","20",,"2024","12","51"
39,"P_045","Product 045","Grocery","BrandA","68.92","109.5","114229","106","12/22/2024","P_045","3","0",,"2024","12","51"
42,"P_009","Product 009","Clothing","BrandC","96.09","153.81","114231","104","12/8/2024","P_009","4","5",,"2024","12","53"
42,"P_023","Product 023","Home","BrandA","193.9","336.3","114314","101","12/7/2024","P_023","5","10",,"2024","12","53"
44,"P_026","Product 026","Clothing","BrandB","148.98","285.01","114233","104","12/1/2024","P_026","5","0",,"2024","12","54"
45,"P_029","Product 029","Home","BrandB","316.8","425.97","114224","102","12/5/2024","P_029","3","20",,"2024","12","56"
46,"P_038","Product 038","Sports","BrandC","324.13","448.92","114255","104","12/12/2024","P_038","2","10",,"2024","12","57"
47,"P_024","Product 024","Electronics","BrandC","208.42","299.74","114323","105","12/5/2024","P_024","2","0",,"2024","12","58"
48,"P_039","Product 039","Electronics","BrandD","179.34","242.93","114285","105","12/13/2024","P_039","3","0",,"2024","12","59"
49,"P_044","Product 044","Grocery","BrandD","145.03","274.52","114250","102","12/12/2024","P_044","4","0",,"2024","12","62"
50,"P_041","Product 041","Home","BrandB","230.38","350.8","114234","107","12/7/2024","P_041","4","5",,"2024","12","67"
1,"P_048","Product 048","Sports","BrandA","232.9","350.44","110770","101","4/28/2024","P_048","1","20",,"2024","4","21"
2,"P_038","Product 038","Sports","BrandC","324.13","448.92","110649","105","4/29/2024","P_038","3","20",,"2024","4","23"
2,"P_043","Product 043","Home","BrandA","216.59","306.16","110675","105","4/2/2024","P_043","3","10",,"2024","4","23"
2,"P_050","Product 050","Home","BrandB","202.07","315.93","110619","103","4/16/2024","P_050","1","20",,"2024","4","23"
5,"P_002","Product 002","Sports","BrandC","165.08","307.45","110609","102","4/14/2024","P_002","3","20",,"2024","4","28"
6,"P_006","Product 006","Grocery","BrandA","14.29","17.66","110624","102","4/20/2024","P_006","3","15",,"2024","4","29"
7,"P_031","Product 031","Clothing","BrandD","69.33","125.63","110616","106","4/28/2024","P_031","3","15",,"2024","4","30"
8,"P_041","Product 041","Home","BrandB","230.38","350.8","110792","106","4/28/2024","P_041","3","10",,"2024","4","32"
9,"P_008","Product 008","Clothing","BrandC","110.44","203.49","110652","104","4/7/2024","P_008","5","0",,"2024","4","33"
9,"P_039","Product 039","Electronics","BrandD","179.34","242.93","110641","101","4/4/2024","P_039","5","15",,"2024","4","33"
11,"P_001","Product 001","Home","BrandD","291.46","482.98","110629","101","4/23/2024","P_001","2","0",,"2024","4","34"
11,"P_032","Product 032","Home","BrandB","115.04","135.47","110617","105","4/29/2024","P_032","1","10",,"2024","4","34"
11,"P_033","Product 033","Home","BrandC","17.69","29.81","110610","104","4/1/2024","P_033","5","15",,"2024","4","34"
11,"P_036","Product 036","Sports","BrandD","115.24","225.27","110620","101","4/7/2024","P_036","5","15",,"2024","4","34"
15,"P_007","Product 007","Clothing","BrandD","133.42","217.47","110650","101","4/20/2024","P_007","1","20",,"2024","4","35"
16,"P_016","Product 016","Grocery","BrandB","183.48","329.03","110634","104","4/13/2024","P_016","2","0",,"2024","4","36"
17,"P_040","Product 040","Grocery","BrandA","196.15","286.01","110618","103","4/26/2024","P_040","2","5",,"2024","4","37"
18,"P_015","Product 015","Home","BrandD","281.43","463.89","110621","107","4/14/2024","P_015","4","5",,"2024","4","38"
19,"P_004","Product 004","Sports","BrandC","89.45","155.17","110614","103","4/16/2024","P_004","3","0",,"2024","4","39"
19,"P_014","Product 014","Grocery","BrandD","191.33","306.92","110621","108","4/14/2024","P_014","4","10",,"2024","4","39"
19,"P_027","Product 027","Clothing","BrandD","116.38","197.63","110618","107","4/26/2024","P_027","2","5",,"2024","4","39"
22,"P_026","Product 026","Clothing","BrandB","148.98","285.01","110628","104","4/19/2024","P_026","5","5",,"2024","4","40"
23,"P_012","Product 012","Clothing","BrandD","260.56","358.56","110606","108","4/20/2024","P_012","5","20",,"2024","4","42"
23,"P_018","Product 018","Sports","BrandB","285.64","426.52","110617","108","4/29/2024","P_018","1","5",,"2024","4","42"
23,"P_025","Product 025","Electronics","BrandB","92.74","144.61","110608","106","4/16/2024","P_025","3","0",,"2024","4","42"
23,"P_042","Product 042","Electronics","BrandD","54.28","78.27","110714","108","4/4/2024","P_042","1","15",,"2024","4","42"
27,"P_024","Product 024","Electronics","BrandC","208.42","299.74","110635","104","4/27/2024","P_024","4","5",,"2024","4","44"
28,"P_009","Product 009","Clothing","BrandC","96.09","153.81","110606","108","4/20/2024","P_009","1","10",,"2024","4","47"
28,"P_028","Product 028","Grocery","BrandB","285.08","486.14","110652","102","4/7/2024","P_028","2","15",,"2024","4","47"
28,"P_044","Product 044","Grocery","BrandD","145.03","274.52","110625","105","4/8/2024","P_044","4","20",,"2024","4","47"
31,"P_011","Product 011","Home","BrandA","63.95","107.43","110647","103","4/29/2024","P_011","2","15",,"2024","4","49"
31,"P_047","Product 047","Grocery","BrandC","237.02","303.44","110613","104","4/27/2024","P_047","1","20",,"2024","4","49"
33,"P_005","Product 005","Sports","BrandD","58.75","90.98","110630","108","4/7/2024","P_005","5","10",,"2024","4","50"
33,"P_010","Product 010","Sports","BrandB","13.81","16.9","110632","107","4/21/2024","P_010","5","15",,"2024","4","50"
35,"P_019","Product 019","Electronics","BrandB","170.91","230.23","110633","102","4/10/2024","P_019","2","0",,"2024","4","54"
36,"P_035","Product 035","Clothing","BrandC","41.43","64.34","110641","101","4/4/2024","P_035","4","5",,"2024","4","55"
36,"P_037","Product 037","Clothing","BrandB","67.57","108.84","110616","101","4/28/2024","P_037","5","0",,"2024","4","55"
38,"P_030","Product 030","Home","BrandB","272.48","363.65","110615","104","4/12/2024","P_030","5","20",,"2024","4","56"
38,"P_046","Product 046","Electronics","BrandB","276","472","110637","107","4/11/2024","P_046","2","20",,"2024","4","56"
40,"P_049","Product 049","Grocery","BrandD","372.65","441.43","110606","104","4/20/2024","P_049","2","0",,"2024","4","57"
41,"P_003","Product 003","Clothing","BrandD","95.83","145.24","110611","107","4/8/2024","P_003","1","0",,"2024","4","59"
41,"P_020","Product 020","Home","BrandB","33.73","56.75","110607","103","4/16/2024","P_020","1","15",,"2024","4","59"
43,"P_013","Product 013","Sports","BrandB","198.67","397.19","110627","108","4/20/2024","P_013","2","15",,"2024","4","61"
43,"P_023","Product 023","Home","BrandA","193.9","336.3","110656","108","4/3/2024","P_023","1","10",,"2024","4","61"
45,"P_021","Product 021","Grocery","BrandD","112.23","191.7","110645","103","4/20/2024","P_021","4","20",,"2024","4","62"
46,"P_022","Product 022","Sports","BrandB","188.76","337.73","110612","103","4/27/2024","P_022","5","10",,"2024","4","63"
47,"P_017","Product 017","Home","BrandB","314.84","458.33","110618","102","4/26/2024","P_017","1","0",,"2024","4","67"
48,"P_034","Product 034","Electronics","BrandD","301.56","358.22","110613","103","4/27/2024","P_034","5","0",,"2024","4","68"
49,"P_029","Product 029","Home","BrandB","316.8","425.97","110619","107","4/16/2024","P_029","2","5",,"2024","4","72"
50,"P_045","Product 045","Grocery","BrandA","68.92","109.5","110629","108","4/23/2024","P_045","5","0",,"2024","4","82"
1,"P_021","Product 021","Grocery","BrandD","112.23","191.7","111132","104","5/10/2024","P_021","2","10",,"2024","5","20"
1,"P_031","Product 031","Clothing","BrandD","69.33","125.63","111199","101","5/17/2024","P_031","2","0",,"2024","5","20"
3,"P_025","Product 025","Electronics","BrandB","92.74","144.61","111134","107","5/10/2024","P_025","5","20",,"2024","5","22"
4,"P_005","Product 005","Sports","BrandD","58.75","90.98","111138","101","5/22/2024","P_005","2","0",,"2024","5","24"
4,"P_016","Product 016","Grocery","BrandB","183.48","329.03","111152","104","5/26/2024","P_016","1","15",,"2024","5","24"
6,"P_019","Product 019","Electronics","BrandB","170.91","230.23","111154","103","5/29/2024","P_019","2","0",,"2024","5","25"
7,"P_009","Product 009","Clothing","BrandC","96.09","153.81","111119","103","5/31/2024","P_009","3","5",,"2024","5","27"
7,"P_028","Product 028","Grocery","BrandB","285.08","486.14","111108","105","5/9/2024","P_028","1","20",,"2024","5","27"
7,"P_048","Product 048","Sports","BrandA","232.9","350.44","111100","105","5/8/2024","P_048","3","10",,"2024","5","27"
10,"P_003","Product 003","Clothing","BrandD","95.83","145.24","111206","104","5/3/2024","P_003","5","5",,"2024","5","28"
11,"P_038","Product 038","Sports","BrandC","324.13","448.92","111175","108","5/29/2024","P_038","3","15",,"2024","5","29"
12,"P_006","Product 006","Grocery","BrandA","14.29","17.66","111137","101","5/29/2024","P_006","3","20",,"2024","5","30"
12,"P_018","Product 018","Sports","BrandB","285.64","426.52","111103","103","5/19/2024","P_018","4","15",,"2024","5","30"
14,"P_012","Product 012","Clothing","BrandD","260.56","358.56","111218","106","5/27/2024","P_012","1","10",,"2024","5","32"
14,"P_013","Product 013","Sports","BrandB","198.67","397.19","111140","107","5/5/2024","P_013","4","20",,"2024","5","32"
16,"P_026","Product 026","Clothing","BrandB","148.98","285.01","111167","104","5/18/2024","P_026","2","0",,"2024","5","33"
16,"P_041","Product 041","Home","BrandB","230.38","350.8","111112","103","5/20/2024","P_041","4","15",,"2024","5","33"
18,"P_002","Product 002","Sports","BrandC","165.08","307.45","111102","107","5/12/2024","P_002","3","0",,"2024","5","34"
18,"P_032","Product 032","Home","BrandB","115.04","135.47","111183","103","5/14/2024","P_032","3","20",,"2024","5","34"
20,"P_033","Product 033","Home","BrandC","17.69","29.81","111105","105","5/14/2024","P_033","2","0",,"2024","5","36"
20,"P_034","Product 034","Electronics","BrandD","301.56","358.22","111112","106","5/20/2024","P_034","3","10",,"2024","5","36"
22,"P_027","Product 027","Clothing","BrandD","116.38","197.63","111159","108","5/4/2024","P_027","3","5",,"2024","5","37"
23,"P_007","Product 007","Clothing","BrandD","133.42","217.47","111162","105","5/12/2024","P_007","4","0",,"2024","5","38"
24,"P_030","Product 030","Home","BrandB","272.48","363.65","111139","103","5/16/2024","P_030","1","0",,"2024","5","39"
25,"P_036","Product 036","Sports","BrandD","115.24","225.27","111116","101","5/17/2024","P_036","3","0",,"2024","5","40"
26,"P_001","Product 001","Home","BrandD","291.46","482.98","111099","103","5/8/2024","P_001","5","10",,"2024","5","42"
26,"P_017","Product 017","Home","BrandB","314.84","458.33","111104","104","5/27/2024","P_017","1","20",,"2024","5","42"
26,"P_023","Product 023","Home","BrandA","193.9","336.3","111107","107","5/7/2024","P_023","3","20",,"2024","5","42"
29,"P_010","Product 010","Sports","BrandB","13.81","16.9","111101","103","5/27/2024","P_010","1","15",,"2024","5","43"
30,"P_014","Product 014","Grocery","BrandD","191.33","306.92","111204","102","5/6/2024","P_014","4","15",,"2024","5","44"
30,"P_022","Product 022","Sports","BrandB","188.76","337.73","111105","103","5/14/2024","P_022","5","10",,"2024","5","44"
30,"P_024","Product 024","Electronics","BrandC","208.42","299.74","111111","104","5/2/2024","P_024","2","5",,"2024","5","44"
30,"P_040","Product 040","Grocery","BrandA","196.15","286.01","111165","108","5/16/2024","P_040","3","0",,"2024","5","44"
34,"P_029","Product 029","Home","BrandB","316.8","425.97","111153","101","5/24/2024","P_029","1","0",,"2024","5","45"
34,"P_043","Product 043","Home","BrandA","216.59","306.16","111120","101","5/28/2024","P_043","1","0",,"2024","5","45"
36,"P_050","Product 050","Home","BrandB","202.07","315.93","111118","106","5/27/2024","P_050","3","15",,"2024","5","47"
37,"P_008","Product 008","Clothing","BrandC","110.44","203.49","111102","105","5/12/2024","P_008","3","5",,"2024","5","48"
38,"P_011","Product 011","Home","BrandA","63.95","107.43","111129","108","5/22/2024","P_011","2","0",,"2024","5","49"
38,"P_049","Product 049","Grocery","BrandD","372.65","441.43","111103","101","5/19/2024","P_049","4","20",,"2024","5","49"
40,"P_039","Product 039","Electronics","BrandD","179.34","242.93","111111","103","5/2/2024","P_039","3","20",,"2024","5","50"
40,"P_044","Product 044","Grocery","BrandD","145.03","274.52","111153","103","5/24/2024","P_044","3","0",,"2024","5","50"
42,"P_004","Product 004","Sports","BrandC","89.45","155.17","111106","107","5/15/2024","P_004","1","20",,"2024","5","53"
42,"P_037","Product 037","Clothing","BrandB","67.57","108.84","111161","102","5/26/2024","P_037","5","5",,"2024","5","53"
42,"P_042","Product 042","Electronics","BrandD","54.28","78.27","111124","106","5/13/2024","P_042","1","0",,"2024","5","53"
45,"P_047","Product 047","Grocery","BrandC","237.02","303.44","111144","107","5/14/2024","P_047","3","15",,"2024","5","54"
46,"P_035","Product 035","Clothing","BrandC","41.43","64.34","111133","103","5/20/2024","P_035","4","20",,"2024","5","56"
46,"P_045","Product 045","Grocery","BrandA","68.92","109.5","111165","108","5/16/2024","P_045","3","5",,"2024","5","56"
48,"P_020","Product 020","Home","BrandB","33.73","56.75","111107","108","5/7/2024","P_020","5","5",,"2024","5","63"
49,"P_015","Product 015","Home","BrandD","281.43","463.89","111128","105","5/8/2024","P_015","4","5",,"2024","5","66"
50,"P_046","Product 046","Electronics","BrandB","276","472","111117","105","5/9/2024","P_046","2","0",,"2024","5","72"
1,"P_005","Product 005","Sports","BrandD","58.75","90.98","111552","108","6/9/2024","P_005","4","20",,"2024","6","22"
2,"P_009","Product 009","Clothing","BrandC","96.09","153.81","111561","105","6/10/2024","P_009","2","5",,"2024","6","23"
2,"P_035","Product 035","Clothing","BrandC","41.43","64.34","111647","104","6/30/2024","P_035","1","20",,"2024","6","23"
4,"P_015","Product 015","Home","BrandD","281.43","463.89","111622","101","6/21/2024","P_015","4","5",,"2024","6","27"
5,"P_040","Product 040","Grocery","BrandA","196.15","286.01","111610","104","6/7/2024","P_040","4","15",,"2024","6","28"
6,"P_004","Product 004","Sports","BrandC","89.45","155.17","111581","103","6/16/2024","P_004","3","20",,"2024","6","29"
6,"P_032","Product 032","Home","BrandB","115.04","135.47","111601","102","6/22/2024","P_032","1","10",,"2024","6","29"
6,"P_042","Product 042","Electronics","BrandD","54.28","78.27","111626","107","6/26/2024","P_042","1","10",,"2024","6","29"
9,"P_021","Product 021","Grocery","BrandD","112.23","191.7","111564","102","6/14/2024","P_021","5","5",,"2024","6","30"
9,"P_041","Product 041","Home","BrandB","230.38","350.8","111578","106","6/13/2024","P_041","3","10",,"2024","6","30"
11,"P_023","Product 023","Home","BrandA","193.9","336.3","111575","101","6/27/2024","P_023","2","5",,"2024","6","32"
11,"P_030","Product 030","Home","BrandB","272.48","363.65","111586","108","6/3/2024","P_030","4","0",,"2024","6","32"
11,"P_045","Product 045","Grocery","BrandA","68.92","109.5","111546","101","6/7/2024","P_045","3","20",,"2024","6","32"
14,"P_003","Product 003","Clothing","BrandD","95.83","145.24","111557","106","6/4/2024","P_003","5","15",,"2024","6","33"
14,"P_014","Product 014","Grocery","BrandD","191.33","306.92","111600","104","6/13/2024","P_014","1","15",,"2024","6","33"
16,"P_027","Product 027","Clothing","BrandD","116.38","197.63","111553","108","6/20/2024","P_027","2","20",,"2024","6","34"
17,"P_031","Product 031","Clothing","BrandD","69.33","125.63","111601","105","6/22/2024","P_031","5","0",,"2024","6","35"
17,"P_049","Product 049","Grocery","BrandD","372.65","441.43","111654","107","6/11/2024","P_049","4","10",,"2024","6","35"
19,"P_001","Product 001","Home","BrandD","291.46","482.98","111559","102","6/15/2024","P_001","3","10",,"2024","6","37"
20,"P_039","Product 039","Electronics","BrandD","179.34","242.93","111558","105","6/6/2024","P_039","2","10",,"2024","6","38"
21,"P_038","Product 038","Sports","BrandC","324.13","448.92","111547","106","6/14/2024","P_038","2","15",,"2024","6","39"
21,"P_046","Product 046","Electronics","BrandB","276","472","111569","108","6/20/2024","P_046","2","0",,"2024","6","39"
23,"P_006","Product 006","Grocery","BrandA","14.29","17.66","111629","102","6/27/2024","P_006","4","15",,"2024","6","40"
23,"P_043","Product 043","Home","BrandA","216.59","306.16","111588","108","6/22/2024","P_043","5","15",,"2024","6","40"
25,"P_026","Product 026","Clothing","BrandB","148.98","285.01","111579","105","6/12/2024","P_026","5","0",,"2024","6","41"
26,"P_018","Product 018","Sports","BrandB","285.64","426.52","111582","103","6/10/2024","P_018","2","0",,"2024","6","42"
26,"P_048","Product 048","Sports","BrandA","232.9","350.44","111569","105","6/20/2024","P_048","1","5",,"2024","6","42"
28,"P_020","Product 020","Home","BrandB","33.73","56.75","111599","102","6/10/2024","P_020","2","0",,"2024","6","43"
29,"P_028","Product 028","Grocery","BrandB","285.08","486.14","111573","103","6/17/2024","P_028","4","20",,"2024","6","44"
29,"P_036","Product 036","Sports","BrandD","115.24","225.27","111570","108","6/22/2024","P_036","4","20",,"2024","6","44"
31,"P_011","Product 011","Home","BrandA","63.95","107.43","111558","102","6/6/2024","P_011","3","0",,"2024","6","45"
32,"P_017","Product 017","Home","BrandB","314.84","458.33","111577","101","6/20/2024","P_017","3","0",,"2024","6","48"
33,"P_002","Product 002","Sports","BrandC","165.08","307.45","111560","103","6/7/2024","P_002","2","15",,"2024","6","50"
33,"P_025","Product 025","Electronics","BrandB","92.74","144.61","111560","101","6/7/2024","P_025","3","15",,"2024","6","50"
35,"P_037","Product 037","Clothing","BrandB","67.57","108.84","111549","106","6/22/2024","P_037","3","5",,"2024","6","51"
36,"P_033","Product 033","Home","BrandC","17.69","29.81","111614","103","6/5/2024","P_033","2","15",,"2024","6","52"
36,"P_047","Product 047","Grocery","BrandC","237.02","303.44","111549","102","6/22/2024","P_047","5","5",,"2024","6","52"
38,"P_022","Product 022","Sports","BrandB","188.76","337.73","111621","106","6/3/2024","P_022","3","5",,"2024","6","53"
38,"P_024","Product 024","Electronics","BrandC","208.42","299.74","111577","107","6/20/2024","P_024","4","0",,"2024","6","53"
38,"P_034","Product 034","Electronics","BrandD","301.56","358.22","111545","101","6/20/2024","P_034","2","0",,"2024","6","53"
41,"P_012","Product 012","Clothing","BrandD","260.56","358.56","111594","107","6/14/2024","P_012","3","20",,"2024","6","55"
42,"P_019","Product 019","Electronics","BrandB","170.91","230.23","111587","102","6/16/2024","P_019","1","20",,"2024","6","56"
42,"P_044","Product 044","Grocery","BrandD","145.03","274.52","111550","108","6/27/2024","P_044","2","0",,"2024","6","56"
44,"P_050","Product 050","Home","BrandB","202.07","315.93","111585","104","6/4/2024","P_050","5","15",,"2024","6","57"
45,"P_007","Product 007","Clothing","BrandD","133.42","217.47","111607","106","6/24/2024","P_007","3","20",,"2024","6","59"
45,"P_010","Product 010","Sports","BrandB","13.81","16.9","111562","107","6/29/2024","P_010","2","15",,"2024","6","59"
45,"P_013","Product 013","Sports","BrandB","198.67","397.19","111622","101","6/21/2024","P_013","2","10",,"2024","6","59"
45,"P_016","Product 016","Grocery","BrandB","183.48","329.03","111566","108","6/13/2024","P_016","3","20",,"2024","6","59"
49,"P_029","Product 029","Home","BrandB","316.8","425.97","111548","101","6/28/2024","P_029","5","0",,"2024","6","65"
50,"P_008","Product 008","Clothing","BrandC","110.44","203.49","111565","102","6/12/2024","P_008","5","10",,"2024","6","69"
1,"P_010","Product 010","Sports","BrandB","13.81","16.9","112100","106","7/8/2024","P_010","3","20",,"2024","7","12"
2,"P_031","Product 031","Clothing","BrandD","69.33","125.63","112028","108","7/18/2024","P_031","3","5",,"2024","7","15"
2,"P_045","Product 045","Grocery","BrandA","68.92","109.5","112023","107","7/2/2024","P_045","3","0",,"2024","7","15"
4,"P_015","Product 015","Home","BrandD","281.43","463.89","112078","108","7/21/2024","P_015","2","15",,"2024","7","19"
4,"P_043","Product 043","Home","BrandA","216.59","306.16","112079","108","7/29/2024","P_043","3","20",,"2024","7","19"
6,"P_007","Product 007","Clothing","BrandD","133.42","217.47","112068","101","7/27/2024","P_007","1","0",,"2024","7","20"
7,"P_008","Product 008","Clothing","BrandC","110.44","203.49","112058","103","7/22/2024","P_008","1","15",,"2024","7","24"
7,"P_022","Product 022","Sports","BrandB","188.76","337.73","112069","105","7/27/2024","P_022","5","0",,"2024","7","24"
9,"P_011","Product 011","Home","BrandA","63.95","107.43","112041","108","7/8/2024","P_011","1","5",,"2024","7","25"
9,"P_033","Product 033","Home","BrandC","17.69","29.81","112063","106","7/31/2024","P_033","4","5",,"2024","7","25"
11,"P_001","Product 001","Home","BrandD","291.46","482.98","112035","104","7/22/2024","P_001","4","10",,"2024","7","27"
11,"P_003","Product 003","Clothing","BrandD","95.83","145.24","112026","105","7/15/2024","P_003","5","20",,"2024","7","27"
13,"P_017","Product 017","Home","BrandB","314.84","458.33","112019","106","7/26/2024","P_017","1","0",,"2024","7","29"
13,"P_039","Product 039","Electronics","BrandD","179.34","242.93","112063","106","7/31/2024","P_039","3","10",,"2024","7","29"
13,"P_049","Product 049","Grocery","BrandD","372.65","441.43","112049","104","7/23/2024","P_049","4","15",,"2024","7","29"
16,"P_041","Product 041","Home","BrandB","230.38","350.8","112045","106","7/24/2024","P_041","4","0",,"2024","7","30"
17,"P_042","Product 042","Electronics","BrandD","54.28","78.27","112022","105","7/12/2024","P_042","5","5",,"2024","7","31"
18,"P_021","Product 021","Grocery","BrandD","112.23","191.7","112033","107","7/29/2024","P_021","2","15",,"2024","7","32"
18,"P_025","Product 025","Electronics","BrandB","92.74","144.61","112038","107","7/3/2024","P_025","3","5",,"2024","7","32"
18,"P_028","Product 028","Grocery","BrandB","285.08","486.14","112075","107","7/10/2024","P_028","5","15",,"2024","7","32"
18,"P_032","Product 032","Home","BrandB","115.04","135.47","112018","103","7/16/2024","P_032","3","10",,"2024","7","32"
18,"P_037","Product 037","Clothing","BrandB","67.57","108.84","112029","104","7/31/2024","P_037","1","15",,"2024","7","32"
23,"P_014","Product 014","Grocery","BrandD","191.33","306.92","112029","106","7/31/2024","P_014","3","20",,"2024","7","33"
23,"P_019","Product 019","Electronics","BrandB","170.91","230.23","112029","104","7/31/2024","P_019","2","15",,"2024","7","33"
25,"P_009","Product 009","Clothing","BrandC","96.09","153.81","112065","105","7/22/2024","P_009","4","20",,"2024","7","34"
25,"P_046","Product 046","Electronics","BrandB","276","472","112101","102","7/23/2024","P_046","3","15",,"2024","7","34"
27,"P_020","Product 020","Home","BrandB","33.73","56.75","112020","108","7/10/2024","P_020","5","20",,"2024","7","35"
27,"P_035","Product 035","Clothing","BrandC","41.43","64.34","112023","102","7/2/2024","P_035","1","5",,"2024","7","35"
29,"P_027","Product 027","Clothing","BrandD","116.38","197.63","112038","104","7/3/2024","P_027","4","0",,"2024","7","36"
29,"P_038","Product 038","Sports","BrandC","324.13","448.92","112084","103","7/15/2024","P_038","4","20",,"2024","7","36"
31,"P_034","Product 034","Electronics","BrandD","301.56","358.22","112068","101","7/27/2024","P_034","4","20",,"2024","7","37"
32,"P_004","Product 004","Sports","BrandC","89.45","155.17","112045","105","7/24/2024","P_004","2","15",,"2024","7","38"
32,"P_012","Product 012","Clothing","BrandD","260.56","358.56","112034","104","7/28/2024","P_012","2","10",,"2024","7","38"
34,"P_024","Product 024","Electronics","BrandC","208.42","299.74","112025","102","7/18/2024","P_024","2","20",,"2024","7","43"
35,"P_040","Product 040","Grocery","BrandA","196.15","286.01","112028","108","7/18/2024","P_040","1","0",,"2024","7","44"
36,"P_023","Product 023","Home","BrandA","193.9","336.3","112027","103","7/31/2024","P_023","4","15",,"2024","7","45"
37,"P_018","Product 018","Sports","BrandB","285.64","426.52","112018","101","7/16/2024","P_018","5","20",,"2024","7","47"
37,"P_047","Product 047","Grocery","BrandC","237.02","303.44","112130","104","7/12/2024","P_047","4","10",,"2024","7","47"
39,"P_005","Product 005","Sports","BrandD","58.75","90.98","112024","106","7/15/2024","P_005","4","5",,"2024","7","48"
39,"P_029","Product 029","Home","BrandB","316.8","425.97","112024","107","7/15/2024","P_029","5","10",,"2024","7","48"
39,"P_050","Product 050","Home","BrandB","202.07","315.93","112035","102","7/22/2024","P_050","1","20",,"2024","7","48"
42,"P_026","Product 026","Clothing","BrandB","148.98","285.01","112052","105","7/23/2024","P_026","5","15",,"2024","7","50"
42,"P_030","Product 030","Home","BrandB","272.48","363.65","112046","107","7/22/2024","P_030","1","5",,"2024","7","50"
44,"P_036","Product 036","Sports","BrandD","115.24","225.27","112028","102","7/18/2024","P_036","1","5",,"2024","7","51"
45,"P_016","Product 016","Grocery","BrandB","183.48","329.03","112032","107","7/9/2024","P_016","3","5",,"2024","7","52"
46,"P_002","Product 002","Sports","BrandC","165.08","307.45","112102","104","7/15/2024","P_002","3","5",,"2024","7","56"
47,"P_048","Product 048","Sports","BrandA","232.9","350.44","112030","104","7/9/2024","P_048","2","10",,"2024","7","58"
48,"P_006","Product 006","Grocery","BrandA","14.29","17.66","112024","106","7/15/2024","P_006","4","20",,"2024","7","61"
49,"P_044","Product 044","Grocery","BrandD","145.03","274.52","112050","101","7/13/2024","P_044","3","20",,"2024","7","66"
50,"P_013","Product 013","Sports","BrandB","198.67","397.19","112062","101","7/24/2024","P_013","1","0",,"2024","7","75"
1,"P_045","Product 045","Grocery","BrandA","68.92","109.5","112445","101","8/16/2024","P_045","5","5",,"2024","8","19"
1,"P_049","Product 049","Grocery","BrandD","372.65","441.43","112438","108","8/23/2024","P_049","4","0",,"2024","8","19"
3,"P_016","Product 016","Grocery","BrandB","183.48","329.03","112454","108","8/1/2024","P_016","2","15",,"2024","8","24"
3,"P_027","Product 027","Clothing","BrandD","116.38","197.63","112576","107","8/20/2024","P_027","1","5",,"2024","8","24"
5,"P_011","Product 011","Home","BrandA","63.95","107.43","112478","101","8/3/2024","P_011","3","0",,"2024","8","25"
5,"P_043","Product 043","Home","BrandA","216.59","306.16","112468","107","8/9/2024","P_043","2","0",,"2024","8","25"
7,"P_012","Product 012","Clothing","BrandD","260.56","358.56","112455","101","8/22/2024","P_012","3","0",,"2024","8","26"
7,"P_035","Product 035","Clothing","BrandC","41.43","64.34","112446","106","8/21/2024","P_035","4","15",,"2024","8","26"
7,"P_037","Product 037","Clothing","BrandB","67.57","108.84","112475","101","8/13/2024","P_037","1","5",,"2024","8","26"
10,"P_042","Product 042","Electronics","BrandD","54.28","78.27","112462","106","8/28/2024","P_042","2","5",,"2024","8","28"
11,"P_013","Product 013","Sports","BrandB","198.67","397.19","112505","108","8/15/2024","P_013","4","0",,"2024","8","29"
12,"P_029","Product 029","Home","BrandB","316.8","425.97","112492","108","8/14/2024","P_029","3","20",,"2024","8","30"
13,"P_036","Product 036","Sports","BrandD","115.24","225.27","112518","107","8/9/2024","P_036","1","0",,"2024","8","32"
13,"P_048","Product 048","Sports","BrandA","232.9","350.44","112471","107","8/28/2024","P_048","1","20",,"2024","8","32"
15,"P_022","Product 022","Sports","BrandB","188.76","337.73","112451","101","8/18/2024","P_022","4","5",,"2024","8","33"
15,"P_046","Product 046","Electronics","BrandB","276","472","112439","107","8/13/2024","P_046","4","10",,"2024","8","33"
17,"P_025","Product 025","Electronics","BrandB","92.74","144.61","112493","104","8/4/2024","P_025","1","5",,"2024","8","34"
17,"P_028","Product 028","Grocery","BrandB","285.08","486.14","112447","106","8/3/2024","P_028","4","15",,"2024","8","34"
17,"P_030","Product 030","Home","BrandB","272.48","363.65","112473","101","8/1/2024","P_030","2","20",,"2024","8","34"
20,"P_032","Product 032","Home","BrandB","115.04","135.47","112490","101","8/8/2024","P_032","2","0",,"2024","8","36"
20,"P_033","Product 033","Home","BrandC","17.69","29.81","112441","102","8/14/2024","P_033","4","5",,"2024","8","36"
22,"P_020","Product 020","Home","BrandB","33.73","56.75","112445","106","8/16/2024","P_020","1","15",,"2024","8","37"
22,"P_026","Product 026","Clothing","BrandB","148.98","285.01","112466","101","8/18/2024","P_026","1","15",,"2024","8","37"
24,"P_021","Product 021","Grocery","BrandD","112.23","191.7","112474","108","8/14/2024","P_021","5","0",,"2024","8","38"
25,"P_034","Product 034","Electronics","BrandD","301.56","358.22","112456","103","8/5/2024","P_034","3","5",,"2024","8","39"
25,"P_047","Product 047","Grocery","BrandC","237.02","303.44","112453","104","8/20/2024","P_047","3","0",,"2024","8","39"
27,"P_006","Product 006","Grocery","BrandA","14.29","17.66","112482","105","8/26/2024","P_006","3","5",,"2024","8","40"
28,"P_018","Product 018","Sports","BrandB","285.64","426.52","112494","102","8/25/2024","P_018","5","5",,"2024","8","41"
28,"P_050","Product 050","Home","BrandB","202.07","315.93","112449","105","8/1/2024","P_050","2","10",,"2024","8","41"
30,"P_010","Product 010","Sports","BrandB","13.81","16.9","112457","102","8/14/2024","P_010","1","20",,"2024","8","42"
30,"P_014","Product 014","Grocery","BrandD","191.33","306.92","112443","102","8/9/2024","P_014","3","5",,"2024","8","42"
32,"P_019","Product 019","Electronics","BrandB","170.91","230.23","112475","101","8/13/2024","P_019","4","0",,"2024","8","44"
33,"P_023","Product 023","Home","BrandA","193.9","336.3","112501","102","8/9/2024","P_023","4","15",,"2024","8","46"
33,"P_039","Product 039","Electronics","BrandD","179.34","242.93","112440","103","8/27/2024","P_039","4","15",,"2024","8","46"
35,"P_005","Product 005","Sports","BrandD","58.75","90.98","112468","108","8/9/2024","P_005","2","15",,"2024","8","47"
35,"P_038","Product 038","Sports","BrandC","324.13","448.92","112438","105","8/23/2024","P_038","4","10",,"2024","8","47"
37,"P_002","Product 002","Sports","BrandC","165.08","307.45","112457","106","8/14/2024","P_002","5","10",,"2024","8","48"
37,"P_008","Product 008","Clothing","BrandC","110.44","203.49","112445","107","8/16/2024","P_008","1","5",,"2024","8","48"
37,"P_040","Product 040","Grocery","BrandA","196.15","286.01","112460","107","8/13/2024","P_040","1","0",,"2024","8","48"
37,"P_044","Product 044","Grocery","BrandD","145.03","274.52","112477","105","8/16/2024","P_044","2","5",,"2024","8","48"
41,"P_001","Product 001","Home","BrandD","291.46","482.98","112464","103","8/18/2024","P_001","1","20",,"2024","8","49"
41,"P_007","Product 007","Clothing","BrandD","133.42","217.47","112456","107","8/5/2024","P_007","4","20",,"2024","8","49"
41,"P_024","Product 024","Electronics","BrandC","208.42","299.74","112450","101","8/20/2024","P_024","4","15",,"2024","8","49"
44,"P_041","Product 041","Home","BrandB","230.38","350.8","112453","104","8/20/2024","P_041","3","0",,"2024","8","52"
45,"P_015","Product 015","Home","BrandD","281.43","463.89","112443","107","8/9/2024","P_015","5","5",,"2024","8","54"
46,"P_004","Product 004","Sports","BrandC","89.45","155.17","112486","102","8/31/2024","P_004","2","10",,"2024","8","59"
47,"P_009","Product 009","Clothing","BrandC","96.09","153.81","112447","102","8/3/2024","P_009","5","10",,"2024","8","61"
48,"P_017","Product 017","Home","BrandB","314.84","458.33","112437","105","8/28/2024","P_017","1","10",,"2024","8","62"
49,"P_003","Product 003","Clothing","BrandD","95.83","145.24","112438","101","8/23/2024","P_003","5","0",,"2024","8","72"
50,"P_031","Product 031","Clothing","BrandD","69.33","125.63","112442","107","8/3/2024","P_031","5","0",,"2024","8","76"
1,"P_027","Product 027","Clothing","BrandD","116.38","197.63","112943","105","9/10/2024","P_027","1","20",,"2024","9","12"
1,"P_037","Product 037","Clothing","BrandB","67.57","108.84","112993","107","9/29/2024","P_037","5","0",,"2024","9","12"
3,"P_011","Product 011","Home","BrandA","63.95","107.43","112926","102","9/16/2024","P_011","1","0",,"2024","9","16"
4,"P_006","Product 006","Grocery","BrandA","14.29","17.66","112899","104","9/15/2024","P_006","1","0",,"2024","9","18"
5,"P_031","Product 031","Clothing","BrandD","69.33","125.63","113023","108","9/21/2024","P_031","5","15",,"2024","9","20"
6,"P_040","Product 040","Grocery","BrandA","196.15","286.01","112934","102","9/12/2024","P_040","1","5",,"2024","9","22"
6,"P_042","Product 042","Electronics","BrandD","54.28","78.27","112995","102","9/11/2024","P_042","2","15",,"2024","9","22"
6,"P_045","Product 045","Grocery","BrandA","68.92","109.5","112922","101","9/2/2024","P_045","2","0",,"2024","9","22"
9,"P_009","Product 009","Clothing","BrandC","96.09","153.81","112934","103","9/12/2024","P_009","2","0",,"2024","9","23"
9,"P_018","Product 018","Sports","BrandB","285.64","426.52","112945","107","9/13/2024","P_018","3","15",,"2024","9","23"
11,"P_047","Product 047","Grocery","BrandC","237.02","303.44","112886","101","9/15/2024","P_047","1","15",,"2024","9","24"
12,"P_010","Product 010","Sports","BrandB","13.81","16.9","112885","104","9/14/2024","P_010","3","5",,"2024","9","25"
12,"P_025","Product 025","Electronics","BrandB","92.74","144.61","112918","102","9/8/2024","P_025","1","20",,"2024","9","25"
12,"P_034","Product 034","Electronics","BrandD","301.56","358.22","112907","106","9/20/2024","P_034","2","5",,"2024","9","25"
15,"P_020","Product 020","Home","BrandB","33.73","56.75","112879","106","9/14/2024","P_020","5","10",,"2024","9","26"
16,"P_028","Product 028","Grocery","BrandB","285.08","486.14","112898","103","9/13/2024","P_028","3","10",,"2024","9","28"
16,"P_036","Product 036","Sports","BrandD","115.24","225.27","112908","105","9/27/2024","P_036","2","15",,"2024","9","28"
18,"P_030","Product 030","Home","BrandB","272.48","363.65","112895","102","9/13/2024","P_030","3","20",,"2024","9","29"
19,"P_001","Product 001","Home","BrandD","291.46","482.98","112883","101","9/6/2024","P_001","5","5",,"2024","9","30"
19,"P_032","Product 032","Home","BrandB","115.04","135.47","112914","108","9/12/2024","P_032","1","5",,"2024","9","30"
21,"P_015","Product 015","Home","BrandD","281.43","463.89","112882","106","9/20/2024","P_015","1","20",,"2024","9","31"
21,"P_021","Product 021","Grocery","BrandD","112.23","191.7","112905","104","9/16/2024","P_021","2","5",,"2024","9","31"
21,"P_033","Product 033","Home","BrandC","17.69","29.81","112970","107","9/19/2024","P_033","5","20",,"2024","9","31"
24,"P_012","Product 012","Clothing","BrandD","260.56","358.56","112938","105","9/15/2024","P_012","5","5",,"2024","9","32"
25,"P_014","Product 014","Grocery","BrandD","191.33","306.92","112927","102","9/13/2024","P_014","2","20",,"2024","9","33"
25,"P_044","Product 044","Grocery","BrandD","145.03","274.52","112890","104","9/26/2024","P_044","5","0",,"2024","9","33"
27,"P_005","Product 005","Sports","BrandD","58.75","90.98","112898","105","9/13/2024","P_005","5","0",,"2024","9","34"
27,"P_008","Product 008","Clothing","BrandC","110.44","203.49","112912","103","9/14/2024","P_008","2","0",,"2024","9","34"
27,"P_022","Product 022","Sports","BrandB","188.76","337.73","112940","102","9/25/2024","P_022","1","20",,"2024","9","34"
27,"P_024","Product 024","Electronics","BrandC","208.42","299.74","112917","105","9/16/2024","P_024","3","0",,"2024","9","34"
31,"P_026","Product 026","Clothing","BrandB","148.98","285.01","112887","108","9/30/2024","P_026","2","5",,"2024","9","35"
32,"P_003","Product 003","Clothing","BrandD","95.83","145.24","112881","105","9/24/2024","P_003","5","15",,"2024","9","36"
32,"P_038","Product 038","Sports","BrandC","324.13","448.92","112932","102","9/17/2024","P_038","3","15",,"2024","9","36"
34,"P_029","Product 029","Home","BrandB","316.8","425.97","112896","101","9/24/2024","P_029","5","10",,"2024","9","37"
34,"P_035","Product 035","Clothing","BrandC","41.43","64.34","112913","103","9/6/2024","P_035","3","10",,"2024","9","37"
34,"P_043","Product 043","Home","BrandA","216.59","306.16","112958","102","9/21/2024","P_043","5","5",,"2024","9","37"
34,"P_046","Product 046","Electronics","BrandB","276","472","112936","102","9/21/2024","P_046","4","20",,"2024","9","37"
38,"P_039","Product 039","Electronics","BrandD","179.34","242.93","112889","108","9/13/2024","P_039","5","0",,"2024","9","38"
39,"P_013","Product 013","Sports","BrandB","198.67","397.19","112932","101","9/17/2024","P_013","4","15",,"2024","9","39"
39,"P_048","Product 048","Sports","BrandA","232.9","350.44","112884","101","9/24/2024","P_048","2","20",,"2024","9","39"
41,"P_050","Product 050","Home","BrandB","202.07","315.93","112891","106","9/10/2024","P_050","3","5",,"2024","9","40"
42,"P_002","Product 002","Sports","BrandC","165.08","307.45","112880","105","9/13/2024","P_002","1","20",,"2024","9","42"
43,"P_004","Product 004","Sports","BrandC","89.45","155.17","112888","106","9/1/2024","P_004","5","10",,"2024","9","43"
43,"P_017","Product 017","Home","BrandB","314.84","458.33","112900","102","9/15/2024","P_017","3","10",,"2024","9","43"
43,"P_019","Product 019","Electronics","BrandB","170.91","230.23","112902","107","9/15/2024","P_019","4","10",,"2024","9","43"
43,"P_023","Product 023","Home","BrandA","193.9","336.3","112890","101","9/26/2024","P_023","1","10",,"2024","9","43"
43,"P_041","Product 041","Home","BrandB","230.38","350.8","112904","103","9/16/2024","P_041","3","5",,"2024","9","43"
48,"P_007","Product 007","Clothing","BrandD","133.42","217.47","112883","103","9/6/2024","P_007","5","20",,"2024","9","45"
48,"P_016","Product 016","Grocery","BrandB","183.48","329.03","112909","108","9/9/2024","P_016","1","10",,"2024","9","45"
50,"P_049","Product 049","Grocery","BrandD","372.65","441.43","112901","105","9/23/2024","P_049","4","0",,"2024","9","48"
1,"P_020","Product 020","Home","BrandB","33.73","56.75","114819","103","1/22/2025","P_020","1","10",,"2025","1","18"
2,"P_034","Product 034","Electronics","BrandD","301.56","358.22","114688","102","1/24/2025","P_034","1","20",,"2025","1","19"
3,"P_021","Product 021","Grocery","BrandD","112.23","191.7","114744","105","1/12/2025","P_021","1","10",,"2025","1","21"
4,"P_014","Product 014","Grocery","BrandD","191.33","306.92","114674","102","1/11/2025","P_014","1","5",,"2025","1","24"
5,"P_045","Product 045","Grocery","BrandA","68.92","109.5","114674","105","1/11/2025","P_045","3","15",,"2025","1","27"
5,"P_047","Product 047","Grocery","BrandC","237.02","303.44","114699","108","1/20/2025","P_047","5","15",,"2025","1","27"
5,"P_049","Product 049","Grocery","BrandD","372.65","441.43","114669","103","1/1/2025","P_049","2","15",,"2025","1","27"
8,"P_036","Product 036","Sports","BrandD","115.24","225.27","114686","101","1/11/2025","P_036","1","5",,"2025","1","29"
9,"P_019","Product 019","Electronics","BrandB","170.91","230.23","114663","102","1/4/2025","P_019","2","0",,"2025","1","32"
10,"P_043","Product 043","Home","BrandA","216.59","306.16","114689","101","1/4/2025","P_043","3","5",,"2025","1","34"
10,"P_046","Product 046","Electronics","BrandB","276","472","114716","105","1/14/2025","P_046","2","20",,"2025","1","34"
10,"P_050","Product 050","Home","BrandB","202.07","315.93","114665","107","1/18/2025","P_050","3","10",,"2025","1","34"
13,"P_026","Product 026","Clothing","BrandB","148.98","285.01","114664","103","1/19/2025","P_026","3","10",,"2025","1","37"
13,"P_030","Product 030","Home","BrandB","272.48","363.65","114765","105","1/12/2025","P_030","1","5",,"2025","1","37"
13,"P_044","Product 044","Grocery","BrandD","145.03","274.52","114679","103","1/1/2025","P_044","3","5",,"2025","1","37"
16,"P_004","Product 004","Sports","BrandC","89.45","155.17","114681","102","1/31/2025","P_004","3","5",,"2025","1","38"
16,"P_015","Product 015","Home","BrandD","281.43","463.89","114678","104","1/8/2025","P_015","1","0",,"2025","1","38"
18,"P_001","Product 001","Home","BrandD","291.46","482.98","114706","107","1/9/2025","P_001","4","10",,"2025","1","39"
18,"P_031","Product 031","Clothing","BrandD","69.33","125.63","114726","107","1/29/2025","P_031","1","20",,"2025","1","39"
20,"P_033","Product 033","Home","BrandC","17.69","29.81","114684","104","1/19/2025","P_033","3","0",,"2025","1","40"
21,"P_002","Product 002","Sports","BrandC","165.08","307.45","114751","107","1/1/2025","P_002","4","20",,"2025","1","41"
22,"P_025","Product 025","Electronics","BrandB","92.74","144.61","114671","102","1/12/2025","P_025","1","15",,"2025","1","43"
22,"P_041","Product 041","Home","BrandB","230.38","350.8","114672","107","1/9/2025","P_041","2","20",,"2025","1","43"
24,"P_017","Product 017","Home","BrandB","314.84","458.33","114681","104","1/31/2025","P_017","5","10",,"2025","1","44"
24,"P_027","Product 027","Clothing","BrandD","116.38","197.63","114698","102","1/17/2025","P_027","2","10",,"2025","1","44"
26,"P_029","Product 029","Home","BrandB","316.8","425.97","114741","104","1/3/2025","P_029","1","10",,"2025","1","45"
27,"P_042","Product 042","Electronics","BrandD","54.28","78.27","114682","108","1/16/2025","P_042","4","10",,"2025","1","46"
28,"P_003","Product 003","Clothing","BrandD","95.83","145.24","114672","106","1/9/2025","P_003","5","5",,"2025","1","47"
29,"P_012","Product 012","Clothing","BrandD","260.56","358.56","114676","101","1/22/2025","P_012","5","10",,"2025","1","48"
29,"P_040","Product 040","Grocery","BrandA","196.15","286.01","114713","106","1/30/2025","P_040","2","20",,"2025","1","48"
31,"P_011","Product 011","Home","BrandA","63.95","107.43","114675","102","1/10/2025","P_011","3","10",,"2025","1","49"
31,"P_016","Product 016","Grocery","BrandB","183.48","329.03","114677","108","1/18/2025","P_016","2","15",,"2025","1","49"
33,"P_009","Product 009","Clothing","BrandC","96.09","153.81","114688","104","1/24/2025","P_009","1","15",,"2025","1","52"
34,"P_005","Product 005","Sports","BrandD","58.75","90.98","114667","105","1/17/2025","P_005","3","0",,"2025","1","53"
34,"P_010","Product 010","Sports","BrandB","13.81","16.9","114665","101","1/18/2025","P_010","5","10",,"2025","1","53"
34,"P_024","Product 024","Electronics","BrandC","208.42","299.74","114804","102","1/8/2025","P_024","3","5",,"2025","1","53"
34,"P_037","Product 037","Clothing","BrandB","67.57","108.84","114695","101","1/19/2025","P_037","3","10",,"2025","1","53"
38,"P_007","Product 007","Clothing","BrandD","133.42","217.47","114765","107","1/12/2025","P_007","3","20",,"2025","1","55"
38,"P_008","Product 008","Clothing","BrandC","110.44","203.49","114666","101","1/16/2025","P_008","2","20",,"2025","1","55"
38,"P_028","Product 028","Grocery","BrandB","285.08","486.14","114671","105","1/12/2025","P_028","4","15",,"2025","1","55"
38,"P_032","Product 032","Home","BrandB","115.04","135.47","114736","104","1/29/2025","P_032","2","20",,"2025","1","55"
42,"P_039","Product 039","Electronics","BrandD","179.34","242.93","114707","107","1/10/2025","P_039","3","0",,"2025","1","56"
43,"P_006","Product 006","Grocery","BrandA","14.29","17.66","114696","106","1/22/2025","P_006","3","0",,"2025","1","58"
44,"P_018","Product 018","Sports","BrandB","285.64","426.52","114669","106","1/1/2025","P_018","2","0",,"2025","1","60"
44,"P_022","Product 022","Sports","BrandB","188.76","337.73","114700","101","1/20/2025","P_022","5","0",,"2025","1","60"
46,"P_035","Product 035","Clothing","BrandC","41.43","64.34","114670","104","1/2/2025","P_035","3","0",,"2025","1","61"
47,"P_023","Product 023","Home","BrandA","193.9","336.3","114673","108","1/16/2025","P_023","5","5",,"2025","1","62"
48,"P_038","Product 038","Sports","BrandC","324.13","448.92","114685","104","1/3/2025","P_038","1","20",,"2025","1","63"
49,"P_048","Product 048","Sports","BrandA","232.9","350.44","114714","107","1/10/2025","P_048","5","0",,"2025","1","68"
50,"P_013","Product 013","Sports","BrandB","198.67","397.19","114703","102","1/9/2025","P_013","5","0",,"2025","1","86"
1,"P_040","Product 040","Grocery","BrandA","196.15","286.01","118738","106","10/27/2025","P_040","2","10",,"2025","10","11"
2,"P_012","Product 012","Clothing","BrandD","260.56","358.56","118778","106","10/18/2025","P_012","3","10",,"2025","10","14"
2,"P_014","Product 014","Grocery","BrandD","191.33","306.92","118770","107","10/21/2025","P_014","3","0",,"2025","10","14"
2,"P_045","Product 045","Grocery","BrandA","68.92","109.5","118887","102","10/19/2025","P_045","2","0",,"2025","10","14"
5,"P_001","Product 001","Home","BrandD","291.46","482.98","118731","102","10/19/2025","P_001","2","10",,"2025","10","17"
5,"P_048","Product 048","Sports","BrandA","232.9","350.44","118793","102","10/12/2025","P_048","2","0",,"2025","10","17"
7,"P_036","Product 036","Sports","BrandD","115.24","225.27","118730","104","10/22/2025","P_036","3","15",,"2025","10","18"
8,"P_022","Product 022","Sports","BrandB","188.76","337.73","118748","105","10/5/2025","P_022","3","5",,"2025","10","19"
9,"P_016","Product 016","Grocery","BrandB","183.48","329.03","118756","101","10/31/2025","P_016","4","0",,"2025","10","20"
10,"P_009","Product 009","Clothing","BrandC","96.09","153.81","118744","104","10/25/2025","P_009","1","5",,"2025","10","22"
11,"P_023","Product 023","Home","BrandA","193.9","336.3","118745","106","10/14/2025","P_023","2","10",,"2025","10","23"
11,"P_034","Product 034","Electronics","BrandD","301.56","358.22","118775","106","10/7/2025","P_034","1","5",,"2025","10","23"
11,"P_043","Product 043","Home","BrandA","216.59","306.16","118757","105","10/20/2025","P_043","2","15",,"2025","10","23"
14,"P_047","Product 047","Grocery","BrandC","237.02","303.44","118820","107","10/3/2025","P_047","3","0",,"2025","10","24"
15,"P_030","Product 030","Home","BrandB","272.48","363.65","118787","101","10/4/2025","P_030","4","10",,"2025","10","25"
15,"P_044","Product 044","Grocery","BrandD","145.03","274.52","118737","105","10/24/2025","P_044","2","5",,"2025","10","25"
17,"P_002","Product 002","Sports","BrandC","165.08","307.45","118752","103","10/17/2025","P_002","5","20",,"2025","10","26"
17,"P_020","Product 020","Home","BrandB","33.73","56.75","118737","105","10/24/2025","P_020","4","5",,"2025","10","26"
17,"P_029","Product 029","Home","BrandB","316.8","425.97","118739","105","10/6/2025","P_029","4","0",,"2025","10","26"
17,"P_033","Product 033","Home","BrandC","17.69","29.81","118842","104","10/30/2025","P_033","1","0",,"2025","10","26"
17,"P_049","Product 049","Grocery","BrandD","372.65","441.43","118798","105","10/15/2025","P_049","2","20",,"2025","10","26"
22,"P_039","Product 039","Electronics","BrandD","179.34","242.93","118800","107","10/28/2025","P_039","4","10",,"2025","10","27"
23,"P_042","Product 042","Electronics","BrandD","54.28","78.27","118750","105","10/28/2025","P_042","4","10",,"2025","10","28"
24,"P_005","Product 005","Sports","BrandD","58.75","90.98","118767","102","10/18/2025","P_005","4","15",,"2025","10","30"
24,"P_006","Product 006","Grocery","BrandA","14.29","17.66","118754","101","10/2/2025","P_006","5","20",,"2025","10","30"
24,"P_008","Product 008","Clothing","BrandC","110.44","203.49","118736","104","10/15/2025","P_008","4","20",,"2025","10","30"
27,"P_004","Product 004","Sports","BrandC","89.45","155.17","118772","103","10/27/2025","P_004","2","10",,"2025","10","31"
27,"P_010","Product 010","Sports","BrandB","13.81","16.9","118804","106","10/12/2025","P_010","2","20",,"2025","10","31"
29,"P_013","Product 013","Sports","BrandB","198.67","397.19","118769","101","10/17/2025","P_013","3","15",,"2025","10","32"
30,"P_007","Product 007","Clothing","BrandD","133.42","217.47","118740","106","10/5/2025","P_007","2","5",,"2025","10","36"
30,"P_027","Product 027","Clothing","BrandD","116.38","197.63","118743","104","10/23/2025","P_027","5","5",,"2025","10","36"
32,"P_015","Product 015","Home","BrandD","281.43","463.89","118736","104","10/15/2025","P_015","4","20",,"2025","10","38"
32,"P_026","Product 026","Clothing","BrandB","148.98","285.01","118744","104","10/25/2025","P_026","1","15",,"2025","10","38"
32,"P_031","Product 031","Clothing","BrandD","69.33","125.63","118845","104","10/20/2025","P_031","3","0",,"2025","10","38"
35,"P_019","Product 019","Electronics","BrandB","170.91","230.23","118773","104","10/14/2025","P_019","1","0",,"2025","10","39"
35,"P_035","Product 035","Clothing","BrandC","41.43","64.34","118731","101","10/19/2025","P_035","2","10",,"2025","10","39"
37,"P_038","Product 038","Sports","BrandC","324.13","448.92","118729","104","10/21/2025","P_038","5","10",,"2025","10","40"
38,"P_037","Product 037","Clothing","BrandB","67.57","108.84","118770","104","10/21/2025","P_037","5","0",,"2025","10","41"
38,"P_046","Product 046","Electronics","BrandB","276","472","118816","102","10/31/2025","P_046","5","0",,"2025","10","41"
40,"P_011","Product 011","Home","BrandA","63.95","107.43","118756","102","10/31/2025","P_011","4","15",,"2025","10","42"
40,"P_032","Product 032","Home","BrandB","115.04","135.47","118781","105","10/7/2025","P_032","3","20",,"2025","10","42"
42,"P_024","Product 024","Electronics","BrandC","208.42","299.74","118733","102","10/7/2025","P_024","5","10",,"2025","10","44"
43,"P_041","Product 041","Home","BrandB","230.38","350.8","118741","104","10/2/2025","P_041","3","5",,"2025","10","47"
44,"P_017","Product 017","Home","BrandB","314.84","458.33","118735","104","10/4/2025","P_017","5","20",,"2025","10","50"
45,"P_018","Product 018","Sports","BrandB","285.64","426.52","118732","103","10/28/2025","P_018","5","10",,"2025","10","51"
45,"P_025","Product 025","Electronics","BrandB","92.74","144.61","118742","108","10/29/2025","P_025","5","15",,"2025","10","51"
47,"P_021","Product 021","Grocery","BrandD","112.23","191.7","118737","107","10/24/2025","P_021","1","0",,"2025","10","54"
47,"P_050","Product 050","Home","BrandB","202.07","315.93","118760","108","10/6/2025","P_050","3","0",,"2025","10","54"
49,"P_028","Product 028","Grocery","BrandB","285.08","486.14","118753","107","10/14/2025","P_028","3","15",,"2025","10","56"
50,"P_003","Product 003","Clothing","BrandD","95.83","145.24","118749","103","10/13/2025","P_003","3","10",,"2025","10","63"
1,"P_008","Product 008","Clothing","BrandC","110.44","203.49","119117","105","11/29/2025","P_008","5","5",,"2025","11","11"
2,"P_042","Product 042","Electronics","BrandD","54.28","78.27","119209","104","11/18/2025","P_042","1","20",,"2025","11","14"
2,"P_049","Product 049","Grocery","BrandD","372.65","441.43","119089","103","11/1/2025","P_049","1","5",,"2025","11","14"
4,"P_044","Product 044","Grocery","BrandD","145.03","274.52","119107","102","11/2/2025","P_044","1","15",,"2025","11","17"
5,"P_015","Product 015","Home","BrandD","281.43","463.89","119113","105","11/8/2025","P_015","1","0",,"2025","11","19"
6,"P_005","Product 005","Sports","BrandD","58.75","90.98","119099","108","11/5/2025","P_005","3","20",,"2025","11","22"
6,"P_040","Product 040","Grocery","BrandA","196.15","286.01","119094","103","11/23/2025","P_040","4","5",,"2025","11","22"
8,"P_002","Product 002","Sports","BrandC","165.08","307.45","119115","104","11/22/2025","P_002","1","0",,"2025","11","23"
8,"P_012","Product 012","Clothing","BrandD","260.56","358.56","119135","108","11/18/2025","P_012","2","5",,"2025","11","23"
10,"P_039","Product 039","Electronics","BrandD","179.34","242.93","119094","105","11/23/2025","P_039","1","5",,"2025","11","24"
10,"P_043","Product 043","Home","BrandA","216.59","306.16","119129","104","11/2/2025","P_043","2","15",,"2025","11","24"
12,"P_019","Product 019","Electronics","BrandB","170.91","230.23","119142","103","11/26/2025","P_019","3","10",,"2025","11","25"
12,"P_033","Product 033","Home","BrandC","17.69","29.81","119121","101","11/20/2025","P_033","1","20",,"2025","11","25"
14,"P_003","Product 003","Clothing","BrandD","95.83","145.24","119126","105","11/16/2025","P_003","1","15",,"2025","11","26"
14,"P_047","Product 047","Grocery","BrandC","237.02","303.44","119149","101","11/23/2025","P_047","1","10",,"2025","11","26"
16,"P_013","Product 013","Sports","BrandB","198.67","397.19","119110","101","11/22/2025","P_013","1","15",,"2025","11","27"
16,"P_022","Product 022","Sports","BrandB","188.76","337.73","119132","101","11/18/2025","P_022","2","15",,"2025","11","27"
16,"P_048","Product 048","Sports","BrandA","232.9","350.44","119178","105","11/7/2025","P_048","2","20",,"2025","11","27"
19,"P_009","Product 009","Clothing","BrandC","96.09","153.81","119121","105","11/20/2025","P_009","4","20",,"2025","11","28"
20,"P_014","Product 014","Grocery","BrandD","191.33","306.92","119122","108","11/9/2025","P_014","5","5",,"2025","11","29"
20,"P_031","Product 031","Clothing","BrandD","69.33","125.63","119107","102","11/2/2025","P_031","5","20",,"2025","11","29"
20,"P_037","Product 037","Clothing","BrandB","67.57","108.84","119114","107","11/30/2025","P_037","3","10",,"2025","11","29"
23,"P_029","Product 029","Home","BrandB","316.8","425.97","119092","102","11/12/2025","P_029","5","0",,"2025","11","31"
24,"P_006","Product 006","Grocery","BrandA","14.29","17.66","119093","102","11/25/2025","P_006","1","5",,"2025","11","32"
24,"P_025","Product 025","Electronics","BrandB","92.74","144.61","119102","104","11/27/2025","P_025","2","5",,"2025","11","32"
26,"P_024","Product 024","Electronics","BrandC","208.42","299.74","119101","104","11/22/2025","P_024","2","5",,"2025","11","33"
27,"P_001","Product 001","Home","BrandD","291.46","482.98","119190","102","11/21/2025","P_001","3","15",,"2025","11","34"
27,"P_020","Product 020","Home","BrandB","33.73","56.75","119141","107","11/12/2025","P_020","4","0",,"2025","11","34"
29,"P_021","Product 021","Grocery","BrandD","112.23","191.7","119102","102","11/27/2025","P_021","1","15",,"2025","11","35"
30,"P_038","Product 038","Sports","BrandC","324.13","448.92","119098","103","11/2/2025","P_038","5","15",,"2025","11","36"
31,"P_007","Product 007","Clothing","BrandD","133.42","217.47","119097","103","11/19/2025","P_007","5","10",,"2025","11","37"
31,"P_018","Product 018","Sports","BrandB","285.64","426.52","119152","106","11/4/2025","P_018","2","10",,"2025","11","37"
31,"P_026","Product 026","Clothing","BrandB","148.98","285.01","119236","105","11/21/2025","P_026","5","10",,"2025","11","37"
34,"P_041","Product 041","Home","BrandB","230.38","350.8","119090","108","11/20/2025","P_041","5","5",,"2025","11","39"
35,"P_028","Product 028","Grocery","BrandB","285.08","486.14","119108","104","11/14/2025","P_028","1","15",,"2025","11","40"
35,"P_034","Product 034","Electronics","BrandD","301.56","358.22","119105","102","11/11/2025","P_034","3","0",,"2025","11","40"
37,"P_017","Product 017","Home","BrandB","314.84","458.33","119089","107","11/1/2025","P_017","5","15",,"2025","11","41"
38,"P_046","Product 046","Electronics","BrandB","276","472","119106","108","11/15/2025","P_046","1","0",,"2025","11","42"
38,"P_050","Product 050","Home","BrandB","202.07","315.93","119100","102","11/25/2025","P_050","2","0",,"2025","11","42"
40,"P_004","Product 004","Sports","BrandC","89.45","155.17","119137","107","11/17/2025","P_004","3","0",,"2025","11","43"
40,"P_010","Product 010","Sports","BrandB","13.81","16.9","119141","101","11/12/2025","P_010","5","10",,"2025","11","43"
40,"P_011","Product 011","Home","BrandA","63.95","107.43","119127","101","11/16/2025","P_011","3","5",,"2025","11","43"
40,"P_023","Product 023","Home","BrandA","193.9","336.3","119119","104","11/4/2025","P_023","2","10",,"2025","11","43"
40,"P_032","Product 032","Home","BrandB","115.04","135.47","119120","103","11/27/2025","P_032","5","10",,"2025","11","43"
40,"P_035","Product 035","Clothing","BrandC","41.43","64.34","119147","106","11/27/2025","P_035","2","10",,"2025","11","43"
46,"P_027","Product 027","Clothing","BrandD","116.38","197.63","119104","106","11/26/2025","P_027","4","10",,"2025","11","48"
46,"P_045","Product 045","Grocery","BrandA","68.92","109.5","119095","107","11/23/2025","P_045","1","15",,"2025","11","48"
48,"P_016","Product 016","Grocery","BrandB","183.48","329.03","119091","104","11/17/2025","P_016","4","20",,"2025","11","56"
49,"P_030","Product 030","Home","BrandB","272.48","363.65","119120","105","11/27/2025","P_030","4","5",,"2025","11","61"
49,"P_036","Product 036","Sports","BrandD","115.24","225.27","119136","107","11/5/2025","P_036","2","0",,"2025","11","61"
1,"P_009","Product 009","Clothing","BrandC","96.09","153.81","119499","106","12/26/2025","P_009","4","0",,"2025","12","19"
1,"P_017","Product 017","Home","BrandB","314.84","458.33","119488","102","12/14/2025","P_017","1","0",,"2025","12","19"
3,"P_006","Product 006","Grocery","BrandA","14.29","17.66","119483","101","12/15/2025","P_006","1","20",,"2025","12","20"
4,"P_011","Product 011","Home","BrandA","63.95","107.43","119540","105","12/14/2025","P_011","5","5",,"2025","12","21"
4,"P_037","Product 037","Clothing","BrandB","67.57","108.84","119486","105","12/4/2025","P_037","2","15",,"2025","12","21"
6,"P_046","Product 046","Electronics","BrandB","276","472","119512","104","12/23/2025","P_046","1","15",,"2025","12","22"
7,"P_042","Product 042","Electronics","BrandD","54.28","78.27","119508","105","12/11/2025","P_042","1","5",,"2025","12","24"
8,"P_027","Product 027","Clothing","BrandD","116.38","197.63","119501","101","12/20/2025","P_027","3","20",,"2025","12","28"
9,"P_049","Product 049","Grocery","BrandD","372.65","441.43","119560","107","12/14/2025","P_049","5","20",,"2025","12","29"
10,"P_028","Product 028","Grocery","BrandB","285.08","486.14","119576","105","12/6/2025","P_028","4","15",,"2025","12","30"
11,"P_010","Product 010","Sports","BrandB","13.81","16.9","119492","102","12/27/2025","P_010","1","20",,"2025","12","31"
11,"P_012","Product 012","Clothing","BrandD","260.56","358.56","119487","108","12/25/2025","P_012","5","20",,"2025","12","31"
11,"P_014","Product 014","Grocery","BrandD","191.33","306.92","119518","101","12/12/2025","P_014","3","0",,"2025","12","31"
11,"P_025","Product 025","Electronics","BrandB","92.74","144.61","119489","101","12/11/2025","P_025","2","5",,"2025","12","31"
15,"P_001","Product 001","Home","BrandD","291.46","482.98","119552","104","12/21/2025","P_001","5","0",,"2025","12","33"
16,"P_039","Product 039","Electronics","BrandD","179.34","242.93","119485","101","12/27/2025","P_039","1","15",,"2025","12","34"
17,"P_007","Product 007","Clothing","BrandD","133.42","217.47","119519","106","12/3/2025","P_007","4","15",,"2025","12","35"
17,"P_023","Product 023","Home","BrandA","193.9","336.3","119493","107","12/8/2025","P_023","3","10",,"2025","12","35"
17,"P_029","Product 029","Home","BrandB","316.8","425.97","119496","106","12/14/2025","P_029","3","5",,"2025","12","35"
17,"P_035","Product 035","Clothing","BrandC","41.43","64.34","119632","105","12/15/2025","P_035","3","15",,"2025","12","35"
21,"P_034","Product 034","Electronics","BrandD","301.56","358.22","119493","101","12/8/2025","P_034","5","5",,"2025","12","36"
21,"P_044","Product 044","Grocery","BrandD","145.03","274.52","119514","106","12/28/2025","P_044","3","20",,"2025","12","36"
23,"P_008","Product 008","Clothing","BrandC","110.44","203.49","119524","103","12/19/2025","P_008","2","5",,"2025","12","37"
24,"P_013","Product 013","Sports","BrandB","198.67","397.19","119522","103","12/11/2025","P_013","2","15",,"2025","12","38"
24,"P_018","Product 018","Sports","BrandB","285.64","426.52","119482","107","12/9/2025","P_018","1","20",,"2025","12","38"
24,"P_021","Product 021","Grocery","BrandD","112.23","191.7","119503","105","12/4/2025","P_021","4","10",,"2025","12","38"
24,"P_031","Product 031","Clothing","BrandD","69.33","125.63","119513","102","12/4/2025","P_031","4","10",,"2025","12","38"
28,"P_004","Product 004","Sports","BrandC","89.45","155.17","119492","106","12/27/2025","P_004","2","10",,"2025","12","39"
28,"P_024","Product 024","Electronics","BrandC","208.42","299.74","119549","105","12/26/2025","P_024","1","10",,"2025","12","39"
28,"P_026","Product 026","Clothing","BrandB","148.98","285.01","119488","103","12/14/2025","P_026","3","15",,"2025","12","39"
28,"P_038","Product 038","Sports","BrandC","324.13","448.92","119480","104","12/1/2025","P_038","5","15",,"2025","12","39"
32,"P_050","Product 050","Home","BrandB","202.07","315.93","119510","106","12/14/2025","P_050","3","0",,"2025","12","40"
33,"P_005","Product 005","Sports","BrandD","58.75","90.98","119491","101","12/22/2025","P_005","1","20",,"2025","12","41"
33,"P_022","Product 022","Sports","BrandB","188.76","337.73","119523","107","12/15/2025","P_022","3","5",,"2025","12","41"
35,"P_030","Product 030","Home","BrandB","272.48","363.65","119487","101","12/25/2025","P_030","1","0",,"2025","12","42"
35,"P_040","Product 040","Grocery","BrandA","196.15","286.01","119533","105","12/25/2025","P_040","3","15",,"2025","12","42"
35,"P_047","Product 047","Grocery","BrandC","237.02","303.44","119494","107","12/17/2025","P_047","5","15",,"2025","12","42"
38,"P_043","Product 043","Home","BrandA","216.59","306.16","119511","104","12/29/2025","P_043","5","10",,"2025","12","43"
39,"P_048","Product 048","Sports","BrandA","232.9","350.44","119498","102","12/25/2025","P_048","1","0",,"2025","12","49"
40,"P_002","Product 002","Sports","BrandC","165.08","307.45","119536","101","12/4/2025","P_002","2","0",,"2025","12","50"
41,"P_003","Product 003","Clothing","BrandD","95.83","145.24","119586","106","12/11/2025","P_003","1","5",,"2025","12","52"
42,"P_015","Product 015","Home","BrandD","281.43","463.89","119495","107","12/2/2025","P_015","5","0",,"2025","12","55"
42,"P_036","Product 036","Sports","BrandD","115.24","225.27","119527","106","12/13/2025","P_036","2","15",,"2025","12","55"
44,"P_016","Product 016","Grocery","BrandB","183.48","329.03","119484","101","12/3/2025","P_016","2","15",,"2025","12","57"
45,"P_020","Product 020","Home","BrandB","33.73","56.75","119506","101","12/17/2025","P_020","2","10",,"2025","12","58"
46,"P_041","Product 041","Home","BrandB","230.38","350.8","119484","103","12/3/2025","P_041","3","0",,"2025","12","66"
47,"P_033","Product 033","Home","BrandC","17.69","29.81","119509","106","12/18/2025","P_033","5","20",,"2025","12","67"
48,"P_045","Product 045","Grocery","BrandA","68.92","109.5","119480","102","12/1/2025","P_045","5","20",,"2025","12","69"
49,"P_019","Product 019","Electronics","BrandB","170.91","230.23","119481","102","12/11/2025","P_019","3","15",,"2025","12","70"
50,"P_032","Product 032","Home","BrandB","115.04","135.47","119494","108","12/17/2025","P_032","5","10",,"2025","12","77"
1,"P_035","Product 035","Clothing","BrandC","41.43","64.34","115218","107","2/11/2025","P_035","2","10",,"2025","2","24"
2,"P_002","Product 002","Sports","BrandC","165.08","307.45","115309","104","2/18/2025","P_002","2","20",,"2025","2","26"
2,"P_008","Product 008","Clothing","BrandC","110.44","203.49","115170","108","2/15/2025","P_008","3","5",,"2025","2","26"
4,"P_050","Product 050","Home","BrandB","202.07","315.93","115165","104","2/8/2025","P_050","1","15",,"2025","2","30"
5,"P_013","Product 013","Sports","BrandB","198.67","397.19","115216","105","2/9/2025","P_013","5","5",,"2025","2","33"
5,"P_044","Product 044","Grocery","BrandD","145.03","274.52","115201","101","2/19/2025","P_044","3","10",,"2025","2","33"
7,"P_001","Product 001","Home","BrandD","291.46","482.98","115216","104","2/9/2025","P_001","2","5",,"2025","2","34"
8,"P_025","Product 025","Electronics","BrandB","92.74","144.61","115164","103","2/13/2025","P_025","5","5",,"2025","2","35"
8,"P_042","Product 042","Electronics","BrandD","54.28","78.27","115196","107","2/10/2025","P_042","2","15",,"2025","2","35"
10,"P_048","Product 048","Sports","BrandA","232.9","350.44","115232","101","2/8/2025","P_048","5","0",,"2025","2","36"
11,"P_016","Product 016","Grocery","BrandB","183.48","329.03","115178","105","2/23/2025","P_016","4","10",,"2025","2","39"
11,"P_018","Product 018","Sports","BrandB","285.64","426.52","115162","105","2/16/2025","P_018","3","15",,"2025","2","39"
11,"P_021","Product 021","Grocery","BrandD","112.23","191.7","115208","108","2/10/2025","P_021","1","5",,"2025","2","39"
11,"P_043","Product 043","Home","BrandA","216.59","306.16","115224","104","2/17/2025","P_043","5","10",,"2025","2","39"
11,"P_046","Product 046","Electronics","BrandB","276","472","115212","101","2/10/2025","P_046","2","15",,"2025","2","39"
16,"P_036","Product 036","Sports","BrandD","115.24","225.27","115192","101","2/11/2025","P_036","2","20",,"2025","2","40"
17,"P_006","Product 006","Grocery","BrandA","14.29","17.66","115175","103","2/5/2025","P_006","3","5",,"2025","2","41"
18,"P_041","Product 041","Home","BrandB","230.38","350.8","115181","108","2/3/2025","P_041","4","20",,"2025","2","42"
18,"P_045","Product 045","Grocery","BrandA","68.92","109.5","115246","105","2/8/2025","P_045","4","0",,"2025","2","42"
20,"P_011","Product 011","Home","BrandA","63.95","107.43","115163","101","2/10/2025","P_011","1","10",,"2025","2","43"
20,"P_028","Product 028","Grocery","BrandB","285.08","486.14","115187","108","2/10/2025","P_028","5","10",,"2025","2","43"
20,"P_031","Product 031","Clothing","BrandD","69.33","125.63","115172","104","2/26/2025","P_031","3","5",,"2025","2","43"
23,"P_004","Product 004","Sports","BrandC","89.45","155.17","115189","103","2/17/2025","P_004","2","10",,"2025","2","44"
24,"P_017","Product 017","Home","BrandB","314.84","458.33","115185","107","2/18/2025","P_017","3","15",,"2025","2","45"
24,"P_022","Product 022","Sports","BrandB","188.76","337.73","115190","103","2/7/2025","P_022","1","10",,"2025","2","45"
24,"P_024","Product 024","Electronics","BrandC","208.42","299.74","115170","107","2/15/2025","P_024","3","0",,"2025","2","45"
27,"P_020","Product 020","Home","BrandB","33.73","56.75","115194","103","2/26/2025","P_020","5","15",,"2025","2","46"
27,"P_037","Product 037","Clothing","BrandB","67.57","108.84","115209","108","2/17/2025","P_037","5","5",,"2025","2","46"
29,"P_007","Product 007","Clothing","BrandD","133.42","217.47","115184","105","2/19/2025","P_007","4","0",,"2025","2","47"
30,"P_005","Product 005","Sports","BrandD","58.75","90.98","115175","101","2/5/2025","P_005","3","5",,"2025","2","48"
30,"P_010","Product 010","Sports","BrandB","13.81","16.9","115211","104","2/11/2025","P_010","2","0",,"2025","2","48"
30,"P_014","Product 014","Grocery","BrandD","191.33","306.92","115192","104","2/11/2025","P_014","5","0",,"2025","2","48"
30,"P_027","Product 027","Clothing","BrandD","116.38","197.63","115175","105","2/5/2025","P_027","5","10",,"2025","2","48"
34,"P_047","Product 047","Grocery","BrandC","237.02","303.44","115167","101","2/8/2025","P_047","4","0",,"2025","2","49"
35,"P_026","Product 026","Clothing","BrandB","148.98","285.01","115189","106","2/17/2025","P_026","4","10",,"2025","2","50"
35,"P_029","Product 029","Home","BrandB","316.8","425.97","115172","102","2/26/2025","P_029","3","0",,"2025","2","50"
35,"P_049","Product 049","Grocery","BrandD","372.65","441.43","115180","105","2/20/2025","P_049","4","10",,"2025","2","50"
38,"P_033","Product 033","Home","BrandC","17.69","29.81","115160","108","2/15/2025","P_033","1","5",,"2025","2","51"
39,"P_003","Product 003","Clothing","BrandD","95.83","145.24","115200","106","2/20/2025","P_003","3","10",,"2025","2","53"
39,"P_023","Product 023","Home","BrandA","193.9","336.3","115161","105","2/21/2025","P_023","2","10",,"2025","2","53"
39,"P_032","Product 032","Home","BrandB","115.04","135.47","115166","104","2/19/2025","P_032","4","15",,"2025","2","53"
39,"P_039","Product 039","Electronics","BrandD","179.34","242.93","115177","108","2/5/2025","P_039","3","20",,"2025","2","53"
43,"P_034","Product 034","Electronics","BrandD","301.56","358.22","115159","107","2/2/2025","P_034","2","0",,"2025","2","54"
44,"P_012","Product 012","Clothing","BrandD","260.56","358.56","115161","107","2/21/2025","P_012","2","5",,"2025","2","57"
44,"P_015","Product 015","Home","BrandD","281.43","463.89","115179","101","2/28/2025","P_015","5","15",,"2025","2","57"
46,"P_009","Product 009","Clothing","BrandC","96.09","153.81","115171","107","2/2/2025","P_009","1","0",,"2025","2","59"
46,"P_019","Product 019","Electronics","BrandB","170.91","230.23","115228","107","2/27/2025","P_019","1","20",,"2025","2","59"
48,"P_038","Product 038","Sports","BrandC","324.13","448.92","115165","101","2/8/2025","P_038","3","15",,"2025","2","64"
49,"P_030","Product 030","Home","BrandB","272.48","363.65","115182","103","2/23/2025","P_030","4","20",,"2025","2","65"
50,"P_040","Product 040","Grocery","BrandA","196.15","286.01","115173","102","2/6/2025","P_040","3","15",,"2025","2","66"
1,"P_025","Product 025","Electronics","BrandB","92.74","144.61","115684","101","3/26/2025","P_025","2","5",,"2025","3","11"
2,"P_021","Product 021","Grocery","BrandD","112.23","191.7","115704","108","3/23/2025","P_021","3","15",,"2025","3","20"
3,"P_014","Product 014","Grocery","BrandD","191.33","306.92","115670","105","3/18/2025","P_014","4","0",,"2025","3","23"
3,"P_044","Product 044","Grocery","BrandD","145.03","274.52","115686","102","3/19/2025","P_044","4","0",,"2025","3","23"
5,"P_032","Product 032","Home","BrandB","115.04","135.47","115657","101","3/25/2025","P_032","5","5",,"2025","3","24"
6,"P_028","Product 028","Grocery","BrandB","285.08","486.14","115687","105","3/10/2025","P_028","5","15",,"2025","3","28"
7,"P_033","Product 033","Home","BrandC","17.69","29.81","115673","107","3/6/2025","P_033","3","0",,"2025","3","29"
8,"P_045","Product 045","Grocery","BrandA","68.92","109.5","115664","107","3/19/2025","P_045","1","20",,"2025","3","30"
9,"P_001","Product 001","Home","BrandD","291.46","482.98","115804","106","3/9/2025","P_001","2","10",,"2025","3","32"
10,"P_031","Product 031","Clothing","BrandD","69.33","125.63","115734","106","3/3/2025","P_031","5","0",,"2025","3","33"
10,"P_038","Product 038","Sports","BrandC","324.13","448.92","115813","101","3/10/2025","P_038","4","15",,"2025","3","33"
10,"P_040","Product 040","Grocery","BrandA","196.15","286.01","115680","103","3/4/2025","P_040","3","15",,"2025","3","33"
10,"P_050","Product 050","Home","BrandB","202.07","315.93","115737","101","3/19/2025","P_050","3","20",,"2025","3","33"
14,"P_013","Product 013","Sports","BrandB","198.67","397.19","115713","107","3/7/2025","P_013","1","0",,"2025","3","37"
14,"P_019","Product 019","Electronics","BrandB","170.91","230.23","115719","107","3/10/2025","P_019","4","10",,"2025","3","37"
16,"P_012","Product 012","Clothing","BrandD","260.56","358.56","115675","105","3/17/2025","P_012","3","0",,"2025","3","38"
16,"P_029","Product 029","Home","BrandB","316.8","425.97","115678","106","3/26/2025","P_029","4","10",,"2025","3","38"
16,"P_046","Product 046","Electronics","BrandB","276","472","115673","108","3/6/2025","P_046","5","20",,"2025","3","38"
19,"P_008","Product 008","Clothing","BrandC","110.44","203.49","115659","105","3/28/2025","P_008","1","0",,"2025","3","39"
19,"P_020","Product 020","Home","BrandB","33.73","56.75","115705","108","3/3/2025","P_020","3","10",,"2025","3","39"
21,"P_024","Product 024","Electronics","BrandC","208.42","299.74","115661","105","3/29/2025","P_024","2","15",,"2025","3","40"
22,"P_003","Product 003","Clothing","BrandD","95.83","145.24","115681","106","3/23/2025","P_003","4","10",,"2025","3","41"
22,"P_042","Product 042","Electronics","BrandD","54.28","78.27","115694","107","3/31/2025","P_042","3","0",,"2025","3","41"
24,"P_007","Product 007","Clothing","BrandD","133.42","217.47","115665","106","3/18/2025","P_007","4","15",,"2025","3","42"
24,"P_034","Product 034","Electronics","BrandD","301.56","358.22","115671","103","3/23/2025","P_034","1","10",,"2025","3","42"
26,"P_037","Product 037","Clothing","BrandB","67.57","108.84","115747","101","3/28/2025","P_037","5","0",,"2025","3","43"
27,"P_005","Product 005","Sports","BrandD","58.75","90.98","115677","102","3/8/2025","P_005","1","20",,"2025","3","44"
27,"P_010","Product 010","Sports","BrandB","13.81","16.9","115656","107","3/6/2025","P_010","5","10",,"2025","3","44"
27,"P_043","Product 043","Home","BrandA","216.59","306.16","115682","106","3/11/2025","P_043","4","0",,"2025","3","44"
27,"P_047","Product 047","Grocery","BrandC","237.02","303.44","115765","108","3/22/2025","P_047","3","10",,"2025","3","44"
31,"P_004","Product 004","Sports","BrandC","89.45","155.17","115661","104","3/29/2025","P_004","2","20",,"2025","3","45"
31,"P_009","Product 009","Clothing","BrandC","96.09","153.81","115696","105","3/11/2025","P_009","4","10",,"2025","3","45"
31,"P_015","Product 015","Home","BrandD","281.43","463.89","115671","107","3/23/2025","P_015","5","5",,"2025","3","45"
31,"P_023","Product 023","Home","BrandA","193.9","336.3","115755","103","3/13/2025","P_023","3","10",,"2025","3","45"
35,"P_036","Product 036","Sports","BrandD","115.24","225.27","115724","104","3/1/2025","P_036","1","5",,"2025","3","46"
36,"P_026","Product 026","Clothing","BrandB","148.98","285.01","115690","107","3/18/2025","P_026","2","20",,"2025","3","47"
37,"P_022","Product 022","Sports","BrandB","188.76","337.73","115677","102","3/8/2025","P_022","5","15",,"2025","3","48"
38,"P_039","Product 039","Electronics","BrandD","179.34","242.93","115658","102","3/1/2025","P_039","2","15",,"2025","3","49"
39,"P_016","Product 016","Grocery","BrandB","183.48","329.03","115669","102","3/23/2025","P_016","3","5",,"2025","3","51"
39,"P_041","Product 041","Home","BrandB","230.38","350.8","115658","103","3/1/2025","P_041","5","10",,"2025","3","51"
41,"P_017","Product 017","Home","BrandB","314.84","458.33","115670","106","3/18/2025","P_017","3","15",,"2025","3","52"
41,"P_027","Product 027","Clothing","BrandD","116.38","197.63","115656","104","3/6/2025","P_027","5","20",,"2025","3","52"
41,"P_048","Product 048","Sports","BrandA","232.9","350.44","115663","104","3/25/2025","P_048","3","15",,"2025","3","52"
44,"P_002","Product 002","Sports","BrandC","165.08","307.45","115690","105","3/18/2025","P_002","4","10",,"2025","3","55"
45,"P_006","Product 006","Grocery","BrandA","14.29","17.66","115660","102","3/15/2025","P_006","2","20",,"2025","3","56"
46,"P_011","Product 011","Home","BrandA","63.95","107.43","115728","108","3/23/2025","P_011","4","15",,"2025","3","57"
46,"P_018","Product 018","Sports","BrandB","285.64","426.52","115667","107","3/17/2025","P_018","3","0",,"2025","3","57"
48,"P_049","Product 049","Grocery","BrandD","372.65","441.43","115690","107","3/18/2025","P_049","5","15",,"2025","3","58"
49,"P_035","Product 035","Clothing","BrandC","41.43","64.34","115705","108","3/3/2025","P_035","1","0",,"2025","3","60"
50,"P_030","Product 030","Home","BrandB","272.48","363.65","115676","107","3/30/2025","P_030","5","15",,"2025","3","67"
1,"P_023","Product 023","Home","BrandA","193.9","336.3","116126","108","4/16/2025","P_023","3","20",,"2025","4","12"
2,"P_003","Product 003","Clothing","BrandD","95.83","145.24","116196","101","4/25/2025","P_003","4","15",,"2025","4","14"
2,"P_021","Product 021","Grocery","BrandD","112.23","191.7","116170","107","4/13/2025","P_021","1","20",,"2025","4","14"
4,"P_032","Product 032","Home","BrandB","115.04","135.47","116109","108","4/1/2025","P_032","2","0",,"2025","4","19"
4,"P_043","Product 043","Home","BrandA","216.59","306.16","116249","105","4/28/2025","P_043","4","20",,"2025","4","19"
6,"P_017","Product 017","Home","BrandB","314.84","458.33","116116","105","4/29/2025","P_017","4","10",,"2025","4","20"
7,"P_044","Product 044","Grocery","BrandD","145.03","274.52","116210","107","4/17/2025","P_044","2","10",,"2025","4","22"
8,"P_007","Product 007","Clothing","BrandD","133.42","217.47","116116","106","4/29/2025","P_007","5","0",,"2025","4","28"
8,"P_008","Product 008","Clothing","BrandC","110.44","203.49","116138","106","4/26/2025","P_008","4","0",,"2025","4","28"
8,"P_029","Product 029","Home","BrandB","316.8","425.97","116116","101","4/29/2025","P_029","4","15",,"2025","4","28"
11,"P_050","Product 050","Home","BrandB","202.07","315.93","116123","105","4/28/2025","P_050","4","0",,"2025","4","29"
12,"P_002","Product 002","Sports","BrandC","165.08","307.45","116112","105","4/8/2025","P_002","3","5",,"2025","4","31"
12,"P_025","Product 025","Electronics","BrandB","92.74","144.61","116118","102","4/24/2025","P_025","1","0",,"2025","4","31"
14,"P_024","Product 024","Electronics","BrandC","208.42","299.74","116197","106","4/1/2025","P_024","4","10",,"2025","4","32"
14,"P_035","Product 035","Clothing","BrandC","41.43","64.34","116129","107","4/21/2025","P_035","4","10",,"2025","4","32"
14,"P_038","Product 038","Sports","BrandC","324.13","448.92","116102","107","4/12/2025","P_038","3","0",,"2025","4","32"
14,"P_039","Product 039","Electronics","BrandD","179.34","242.93","116135","107","4/14/2025","P_039","2","20",,"2025","4","32"
18,"P_027","Product 027","Clothing","BrandD","116.38","197.63","116107","106","4/19/2025","P_027","4","10",,"2025","4","33"
19,"P_012","Product 012","Clothing","BrandD","260.56","358.56","116170","106","4/13/2025","P_012","5","0",,"2025","4","34"
19,"P_014","Product 014","Grocery","BrandD","191.33","306.92","116153","106","4/7/2025","P_014","5","20",,"2025","4","34"
19,"P_047","Product 047","Grocery","BrandC","237.02","303.44","116172","103","4/14/2025","P_047","4","5",,"2025","4","34"
22,"P_005","Product 005","Sports","BrandD","58.75","90.98","116139","108","4/3/2025","P_005","5","0",,"2025","4","35"
22,"P_026","Product 026","Clothing","BrandB","148.98","285.01","116107","102","4/19/2025","P_026","3","20",,"2025","4","35"
24,"P_022","Product 022","Sports","BrandB","188.76","337.73","116156","107","4/1/2025","P_022","1","10",,"2025","4","36"
24,"P_040","Product 040","Grocery","BrandA","196.15","286.01","116157","105","4/27/2025","P_040","1","5",,"2025","4","36"
24,"P_041","Product 041","Home","BrandB","230.38","350.8","116111","102","4/8/2025","P_041","4","0",,"2025","4","36"
24,"P_045","Product 045","Grocery","BrandA","68.92","109.5","116137","102","4/21/2025","P_045","3","10",,"2025","4","36"
28,"P_013","Product 013","Sports","BrandB","198.67","397.19","116109","102","4/1/2025","P_013","4","0",,"2025","4","37"
28,"P_034","Product 034","Electronics","BrandD","301.56","358.22","116115","106","4/15/2025","P_034","4","20",,"2025","4","37"
30,"P_018","Product 018","Sports","BrandB","285.64","426.52","116143","104","4/6/2025","P_018","1","15",,"2025","4","38"
30,"P_049","Product 049","Grocery","BrandD","372.65","441.43","116124","102","4/23/2025","P_049","4","10",,"2025","4","38"
32,"P_004","Product 004","Sports","BrandC","89.45","155.17","116136","107","4/3/2025","P_004","5","15",,"2025","4","39"
33,"P_028","Product 028","Grocery","BrandB","285.08","486.14","116104","101","4/30/2025","P_028","1","5",,"2025","4","40"
34,"P_001","Product 001","Home","BrandD","291.46","482.98","116154","101","4/10/2025","P_001","3","10",,"2025","4","44"
34,"P_015","Product 015","Home","BrandD","281.43","463.89","116128","102","4/28/2025","P_015","1","10",,"2025","4","44"
36,"P_016","Product 016","Grocery","BrandB","183.48","329.03","116127","106","4/16/2025","P_016","4","20",,"2025","4","46"
36,"P_037","Product 037","Clothing","BrandB","67.57","108.84","116114","101","4/22/2025","P_037","2","5",,"2025","4","46"
38,"P_009","Product 009","Clothing","BrandC","96.09","153.81","116105","104","4/29/2025","P_009","4","10",,"2025","4","47"
38,"P_033","Product 033","Home","BrandC","17.69","29.81","116105","105","4/29/2025","P_033","2","0",,"2025","4","47"
40,"P_011","Product 011","Home","BrandA","63.95","107.43","116152","104","4/17/2025","P_011","5","5",,"2025","4","50"
40,"P_019","Product 019","Electronics","BrandB","170.91","230.23","116119","101","4/12/2025","P_019","4","20",,"2025","4","50"
42,"P_046","Product 046","Electronics","BrandB","276","472","116133","107","4/5/2025","P_046","2","0",,"2025","4","51"
43,"P_010","Product 010","Sports","BrandB","13.81","16.9","116118","103","4/24/2025","P_010","3","0",,"2025","4","52"
43,"P_031","Product 031","Clothing","BrandD","69.33","125.63","116132","107","4/28/2025","P_031","4","20",,"2025","4","52"
43,"P_048","Product 048","Sports","BrandA","232.9","350.44","116103","107","4/13/2025","P_048","5","5",,"2025","4","52"
46,"P_030","Product 030","Home","BrandB","272.48","363.65","116112","101","4/8/2025","P_030","5","15",,"2025","4","53"
47,"P_036","Product 036","Sports","BrandD","115.24","225.27","116121","106","4/6/2025","P_036","1","10",,"2025","4","54"
48,"P_042","Product 042","Electronics","BrandD","54.28","78.27","116144","104","4/22/2025","P_042","5","5",,"2025","4","55"
49,"P_006","Product 006","Grocery","BrandA","14.29","17.66","116108","101","4/1/2025","P_006","3","5",,"2025","4","57"
50,"P_020","Product 020","Home","BrandB","33.73","56.75","116101","107","4/6/2025","P_020","3","0",,"2025","4","62"
1,"P_014","Product 014","Grocery","BrandD","191.33","306.92","116502","101","5/27/2025","P_014","2","0",,"2025","5","26"
2,"P_013","Product 013","Sports","BrandB","198.67","397.19","116563","108","5/30/2025","P_013","2","5",,"2025","5","27"
3,"P_021","Product 021","Grocery","BrandD","112.23","191.7","116574","102","5/19/2025","P_021","2","20",,"2025","5","29"
3,"P_037","Product 037","Clothing","BrandB","67.57","108.84","116530","101","5/19/2025","P_037","2","20",,"2025","5","29"
5,"P_015","Product 015","Home","BrandD","281.43","463.89","116584","103","5/6/2025","P_015","4","15",,"2025","5","30"
5,"P_047","Product 047","Grocery","BrandC","237.02","303.44","116574","103","5/19/2025","P_047","3","20",,"2025","5","30"
7,"P_010","Product 010","Sports","BrandB","13.81","16.9","116596","105","5/4/2025","P_010","4","15",,"2025","5","31"
7,"P_025","Product 025","Electronics","BrandB","92.74","144.61","116513","106","5/28/2025","P_025","4","20",,"2025","5","31"
9,"P_009","Product 009","Clothing","BrandC","96.09","153.81","116515","106","5/20/2025","P_009","4","10",,"2025","5","32"
10,"P_022","Product 022","Sports","BrandB","188.76","337.73","116582","102","5/21/2025","P_022","4","5",,"2025","5","33"
11,"P_006","Product 006","Grocery","BrandA","14.29","17.66","116514","105","5/15/2025","P_006","3","0",,"2025","5","34"
11,"P_039","Product 039","Electronics","BrandD","179.34","242.93","116505","106","5/27/2025","P_039","2","5",,"2025","5","34"
13,"P_019","Product 019","Electronics","BrandB","170.91","230.23","116513","106","5/28/2025","P_019","4","5",,"2025","5","38"
13,"P_027","Product 027","Clothing","BrandD","116.38","197.63","116586","106","5/23/2025","P_027","3","5",,"2025","5","38"
13,"P_049","Product 049","Grocery","BrandD","372.65","441.43","116643","102","5/15/2025","P_049","3","20",,"2025","5","38"
16,"P_005","Product 005","Sports","BrandD","58.75","90.98","116525","106","5/22/2025","P_005","4","15",,"2025","5","39"
16,"P_028","Product 028","Grocery","BrandB","285.08","486.14","116518","108","5/26/2025","P_028","2","10",,"2025","5","39"
18,"P_038","Product 038","Sports","BrandC","324.13","448.92","116637","104","5/13/2025","P_038","5","5",,"2025","5","41"
18,"P_042","Product 042","Electronics","BrandD","54.28","78.27","116549","108","5/29/2025","P_042","5","20",,"2025","5","41"
20,"P_026","Product 026","Clothing","BrandB","148.98","285.01","116611","105","5/31/2025","P_026","3","20",,"2025","5","42"
20,"P_045","Product 045","Grocery","BrandA","68.92","109.5","116541","103","5/15/2025","P_045","4","5",,"2025","5","42"
22,"P_018","Product 018","Sports","BrandB","285.64","426.52","116554","106","5/15/2025","P_018","2","10",,"2025","5","43"
22,"P_043","Product 043","Home","BrandA","216.59","306.16","116582","102","5/21/2025","P_043","3","15",,"2025","5","43"
24,"P_012","Product 012","Clothing","BrandD","260.56","358.56","116606","105","5/30/2025","P_012","3","15",,"2025","5","44"
24,"P_031","Product 031","Clothing","BrandD","69.33","125.63","116565","105","5/5/2025","P_031","5","0",,"2025","5","44"
24,"P_041","Product 041","Home","BrandB","230.38","350.8","116509","101","5/26/2025","P_041","5","15",,"2025","5","44"
27,"P_002","Product 002","Sports","BrandC","165.08","307.45","116526","102","5/29/2025","P_002","5","0",,"2025","5","45"
27,"P_007","Product 007","Clothing","BrandD","133.42","217.47","116528","103","5/9/2025","P_007","1","5",,"2025","5","45"
27,"P_034","Product 034","Electronics","BrandD","301.56","358.22","116538","103","5/9/2025","P_034","3","5",,"2025","5","45"
30,"P_032","Product 032","Home","BrandB","115.04","135.47","116611","106","5/31/2025","P_032","5","15",,"2025","5","46"
30,"P_050","Product 050","Home","BrandB","202.07","315.93","116520","107","5/10/2025","P_050","4","5",,"2025","5","46"
32,"P_044","Product 044","Grocery","BrandD","145.03","274.52","116670","102","5/22/2025","P_044","3","5",,"2025","5","47"
32,"P_046","Product 046","Electronics","BrandB","276","472","116503","104","5/12/2025","P_046","2","5",,"2025","5","47"
34,"P_004","Product 004","Sports","BrandC","89.45","155.17","116502","103","5/27/2025","P_004","3","10",,"2025","5","48"
34,"P_008","Product 008","Clothing","BrandC","110.44","203.49","116548","102","5/16/2025","P_008","3","5",,"2025","5","48"
34,"P_011","Product 011","Home","BrandA","63.95","107.43","116510","106","5/1/2025","P_011","2","5",,"2025","5","48"
34,"P_020","Product 020","Home","BrandB","33.73","56.75","116508","102","5/29/2025","P_020","1","10",,"2025","5","48"
34,"P_040","Product 040","Grocery","BrandA","196.15","286.01","116570","101","5/11/2025","P_040","2","0",,"2025","5","48"
39,"P_035","Product 035","Clothing","BrandC","41.43","64.34","116517","104","5/12/2025","P_035","2","15",,"2025","5","52"
40,"P_029","Product 029","Home","BrandB","316.8","425.97","116504","105","5/23/2025","P_029","4","15",,"2025","5","54"
41,"P_033","Product 033","Home","BrandC","17.69","29.81","116524","108","5/25/2025","P_033","4","10",,"2025","5","55"
42,"P_016","Product 016","Grocery","BrandB","183.48","329.03","116539","102","5/3/2025","P_016","2","20",,"2025","5","56"
42,"P_024","Product 024","Electronics","BrandC","208.42","299.74","116576","103","5/3/2025","P_024","5","20",,"2025","5","56"
44,"P_001","Product 001","Home","BrandD","291.46","482.98","116557","102","5/17/2025","P_001","5","15",,"2025","5","57"
44,"P_017","Product 017","Home","BrandB","314.84","458.33","116510","106","5/1/2025","P_017","4","0",,"2025","5","57"
46,"P_023","Product 023","Home","BrandA","193.9","336.3","116511","105","5/27/2025","P_023","4","15",,"2025","5","59"
47,"P_030","Product 030","Home","BrandB","272.48","363.65","116507","102","5/26/2025","P_030","2","15",,"2025","5","63"
48,"P_003","Product 003","Clothing","BrandD","95.83","145.24","116551","103","5/11/2025","P_003","3","10",,"2025","5","64"
49,"P_036","Product 036","Sports","BrandD","115.24","225.27","116504","106","5/23/2025","P_036","2","5",,"2025","5","72"
50,"P_048","Product 048","Sports","BrandA","232.9","350.44","116505","104","5/27/2025","P_048","3","10",,"2025","5","76"
1,"P_041","Product 041","Home","BrandB","230.38","350.8","116996","104","6/7/2025","P_041","1","10",,"2025","6","16"
2,"P_007","Product 007","Clothing","BrandD","133.42","217.47","117011","105","6/8/2025","P_007","4","20",,"2025","6","17"
3,"P_003","Product 003","Clothing","BrandD","95.83","145.24","116988","108","6/7/2025","P_003","1","20",,"2025","6","18"
4,"P_040","Product 040","Grocery","BrandA","196.15","286.01","117023","105","6/11/2025","P_040","4","10",,"2025","6","21"
5,"P_047","Product 047","Grocery","BrandC","237.02","303.44","117032","103","6/8/2025","P_047","4","0",,"2025","6","23"
6,"P_025","Product 025","Electronics","BrandB","92.74","144.61","117132","104","6/5/2025","P_025","2","10",,"2025","6","24"
6,"P_027","Product 027","Clothing","BrandD","116.38","197.63","116985","106","6/7/2025","P_027","4","10",,"2025","6","24"
8,"P_036","Product 036","Sports","BrandD","115.24","225.27","117003","104","6/26/2025","P_036","2","20",,"2025","6","25"
9,"P_001","Product 001","Home","BrandD","291.46","482.98","116994","103","6/23/2025","P_001","1","20",,"2025","6","29"
9,"P_048","Product 048","Sports","BrandA","232.9","350.44","117014","104","6/16/2025","P_048","5","10",,"2025","6","29"
11,"P_006","Product 006","Grocery","BrandA","14.29","17.66","117013","102","6/8/2025","P_006","1","10",,"2025","6","30"
11,"P_009","Product 009","Clothing","BrandC","96.09","153.81","116983","105","6/9/2025","P_009","2","15",,"2025","6","30"
11,"P_016","Product 016","Grocery","BrandB","183.48","329.03","117089","107","6/5/2025","P_016","2","0",,"2025","6","30"
11,"P_050","Product 050","Home","BrandB","202.07","315.93","117006","107","6/22/2025","P_050","2","15",,"2025","6","30"
15,"P_015","Product 015","Home","BrandD","281.43","463.89","116980","107","6/5/2025","P_015","4","20",,"2025","6","31"
15,"P_019","Product 019","Electronics","BrandB","170.91","230.23","116981","105","6/21/2025","P_019","2","15",,"2025","6","31"
17,"P_026","Product 026","Clothing","BrandB","148.98","285.01","116994","106","6/23/2025","P_026","2","5",,"2025","6","32"
18,"P_010","Product 010","Sports","BrandB","13.81","16.9","117068","106","6/10/2025","P_010","1","15",,"2025","6","33"
18,"P_011","Product 011","Home","BrandA","63.95","107.43","117041","104","6/5/2025","P_011","2","5",,"2025","6","33"
18,"P_042","Product 042","Electronics","BrandD","54.28","78.27","116990","103","6/15/2025","P_042","3","10",,"2025","6","33"
21,"P_004","Product 004","Sports","BrandC","89.45","155.17","116989","107","6/29/2025","P_004","5","5",,"2025","6","34"
21,"P_014","Product 014","Grocery","BrandD","191.33","306.92","116979","105","6/20/2025","P_014","4","0",,"2025","6","34"
21,"P_022","Product 022","Sports","BrandB","188.76","337.73","117050","108","6/9/2025","P_022","2","5",,"2025","6","34"
21,"P_031","Product 031","Clothing","BrandD","69.33","125.63","117027","108","6/27/2025","P_031","3","0",,"2025","6","34"
21,"P_046","Product 046","Electronics","BrandB","276","472","117023","103","6/11/2025","P_046","3","10",,"2025","6","34"
21,"P_049","Product 049","Grocery","BrandD","372.65","441.43","116981","102","6/21/2025","P_049","1","20",,"2025","6","34"
27,"P_002","Product 002","Sports","BrandC","165.08","307.45","117002","101","6/11/2025","P_002","3","0",,"2025","6","35"
27,"P_013","Product 013","Sports","BrandB","198.67","397.19","116982","104","6/15/2025","P_013","4","10",,"2025","6","35"
27,"P_039","Product 039","Electronics","BrandD","179.34","242.93","116993","102","6/20/2025","P_039","5","0",,"2025","6","35"
30,"P_038","Product 038","Sports","BrandC","324.13","448.92","117015","103","6/14/2025","P_038","3","0",,"2025","6","36"
30,"P_043","Product 043","Home","BrandA","216.59","306.16","117007","103","6/24/2025","P_043","2","10",,"2025","6","36"
32,"P_033","Product 033","Home","BrandC","17.69","29.81","116991","106","6/17/2025","P_033","4","0",,"2025","6","38"
32,"P_037","Product 037","Clothing","BrandB","67.57","108.84","117013","107","6/8/2025","P_037","3","20",,"2025","6","38"
32,"P_045","Product 045","Grocery","BrandA","68.92","109.5","117003","104","6/26/2025","P_045","4","10",,"2025","6","38"
35,"P_018","Product 018","Sports","BrandB","285.64","426.52","116997","101","6/24/2025","P_018","5","5",,"2025","6","39"
35,"P_030","Product 030","Home","BrandB","272.48","363.65","117001","108","6/27/2025","P_030","4","15",,"2025","6","39"
37,"P_028","Product 028","Grocery","BrandB","285.08","486.14","116983","108","6/9/2025","P_028","4","15",,"2025","6","40"
37,"P_044","Product 044","Grocery","BrandD","145.03","274.52","117022","105","6/23/2025","P_044","4","10",,"2025","6","40"
39,"P_024","Product 024","Electronics","BrandC","208.42","299.74","117030","107","6/10/2025","P_024","4","15",,"2025","6","41"
39,"P_029","Product 029","Home","BrandB","316.8","425.97","117000","108","6/11/2025","P_029","4","5",,"2025","6","41"
41,"P_023","Product 023","Home","BrandA","193.9","336.3","117053","105","6/21/2025","P_023","1","5",,"2025","6","43"
42,"P_012","Product 012","Clothing","BrandD","260.56","358.56","117142","105","6/23/2025","P_012","2","5",,"2025","6","45"
42,"P_020","Product 020","Home","BrandB","33.73","56.75","116994","104","6/23/2025","P_020","2","10",,"2025","6","45"
42,"P_035","Product 035","Clothing","BrandC","41.43","64.34","116986","106","6/5/2025","P_035","2","5",,"2025","6","45"
45,"P_005","Product 005","Sports","BrandD","58.75","90.98","117005","108","6/17/2025","P_005","3","0",,"2025","6","47"
45,"P_008","Product 008","Clothing","BrandC","110.44","203.49","116995","107","6/15/2025","P_008","3","5",,"2025","6","47"
47,"P_021","Product 021","Grocery","BrandD","112.23","191.7","116984","107","6/22/2025","P_021","2","15",,"2025","6","48"
48,"P_032","Product 032","Home","BrandB","115.04","135.47","117049","103","6/2/2025","P_032","3","5",,"2025","6","49"
49,"P_034","Product 034","Electronics","BrandD","301.56","358.22","116987","105","6/22/2025","P_034","5","5",,"2025","6","50"
50,"P_017","Product 017","Home","BrandB","314.84","458.33","117009","107","6/21/2025","P_017","4","15",,"2025","6","58"
1,"P_003","Product 003","Clothing","BrandD","95.83","145.24","117378","106","7/3/2025","P_003","4","20",,"2025","7","16"
2,"P_019","Product 019","Electronics","BrandB","170.91","230.23","117460","105","7/22/2025","P_019","5","0",,"2025","7","21"
3,"P_031","Product 031","Clothing","BrandD","69.33","125.63","117555","101","7/26/2025","P_031","1","10",,"2025","7","22"
4,"P_004","Product 004","Sports","BrandC","89.45","155.17","117537","108","7/19/2025","P_004","3","10",,"2025","7","24"
5,"P_022","Product 022","Sports","BrandB","188.76","337.73","117414","103","7/4/2025","P_022","1","15",,"2025","7","25"
6,"P_006","Product 006","Grocery","BrandA","14.29","17.66","117512","108","7/7/2025","P_006","4","0",,"2025","7","26"
6,"P_012","Product 012","Clothing","BrandD","260.56","358.56","117410","103","7/29/2025","P_012","2","0",,"2025","7","26"
8,"P_013","Product 013","Sports","BrandB","198.67","397.19","117380","102","7/13/2025","P_013","5","20",,"2025","7","27"
8,"P_025","Product 025","Electronics","BrandB","92.74","144.61","117406","104","7/2/2025","P_025","1","20",,"2025","7","27"
10,"P_010","Product 010","Sports","BrandB","13.81","16.9","117375","105","7/4/2025","P_010","3","10",,"2025","7","28"
10,"P_041","Product 041","Home","BrandB","230.38","350.8","117462","107","7/22/2025","P_041","2","15",,"2025","7","28"
12,"P_030","Product 030","Home","BrandB","272.48","363.65","117404","104","7/24/2025","P_030","1","0",,"2025","7","29"
13,"P_017","Product 017","Home","BrandB","314.84","458.33","117373","103","7/2/2025","P_017","2","5",,"2025","7","30"
13,"P_028","Product 028","Grocery","BrandB","285.08","486.14","117430","102","7/20/2025","P_028","2","5",,"2025","7","30"
15,"P_026","Product 026","Clothing","BrandB","148.98","285.01","117390","108","7/28/2025","P_026","2","10",,"2025","7","31"
16,"P_024","Product 024","Electronics","BrandC","208.42","299.74","117369","105","7/1/2025","P_024","3","10",,"2025","7","33"
16,"P_034","Product 034","Electronics","BrandD","301.56","358.22","117421","101","7/12/2025","P_034","2","10",,"2025","7","33"
16,"P_048","Product 048","Sports","BrandA","232.9","350.44","117379","108","7/20/2025","P_048","1","10",,"2025","7","33"
19,"P_001","Product 001","Home","BrandD","291.46","482.98","117376","101","7/3/2025","P_001","4","5",,"2025","7","34"
19,"P_027","Product 027","Clothing","BrandD","116.38","197.63","117367","107","7/4/2025","P_027","2","10",,"2025","7","34"
19,"P_033","Product 033","Home","BrandC","17.69","29.81","117403","105","7/3/2025","P_033","5","20",,"2025","7","34"
22,"P_050","Product 050","Home","BrandB","202.07","315.93","117427","105","7/19/2025","P_050","1","0",,"2025","7","35"
23,"P_029","Product 029","Home","BrandB","316.8","425.97","117370","105","7/4/2025","P_029","5","15",,"2025","7","36"
24,"P_020","Product 020","Home","BrandB","33.73","56.75","117377","107","7/25/2025","P_020","2","20",,"2025","7","37"
24,"P_035","Product 035","Clothing","BrandC","41.43","64.34","117397","105","7/28/2025","P_035","5","15",,"2025","7","37"
26,"P_011","Product 011","Home","BrandA","63.95","107.43","117387","106","7/5/2025","P_011","3","20",,"2025","7","38"
26,"P_018","Product 018","Sports","BrandB","285.64","426.52","117396","102","7/2/2025","P_018","2","0",,"2025","7","38"
28,"P_037","Product 037","Clothing","BrandB","67.57","108.84","117390","105","7/28/2025","P_037","2","10",,"2025","7","40"
29,"P_042","Product 042","Electronics","BrandD","54.28","78.27","117401","103","7/14/2025","P_042","1","20",,"2025","7","42"
30,"P_046","Product 046","Electronics","BrandB","276","472","117385","104","7/25/2025","P_046","2","5",,"2025","7","43"
31,"P_005","Product 005","Sports","BrandD","58.75","90.98","117376","103","7/3/2025","P_005","4","0",,"2025","7","44"
31,"P_008","Product 008","Clothing","BrandC","110.44","203.49","117381","103","7/31/2025","P_008","5","20",,"2025","7","44"
33,"P_009","Product 009","Clothing","BrandC","96.09","153.81","117379","103","7/20/2025","P_009","2","20",,"2025","7","46"
33,"P_023","Product 023","Home","BrandA","193.9","336.3","117391","105","7/13/2025","P_023","3","15",,"2025","7","46"
35,"P_014","Product 014","Grocery","BrandD","191.33","306.92","117393","101","7/9/2025","P_014","3","5",,"2025","7","47"
36,"P_002","Product 002","Sports","BrandC","165.08","307.45","117473","103","7/31/2025","P_002","5","10",,"2025","7","50"
36,"P_021","Product 021","Grocery","BrandD","112.23","191.7","117368","101","7/12/2025","P_021","5","5",,"2025","7","50"
36,"P_032","Product 032","Home","BrandB","115.04","135.47","117465","106","7/11/2025","P_032","5","15",,"2025","7","50"
39,"P_038","Product 038","Sports","BrandC","324.13","448.92","117403","107","7/3/2025","P_038","4","5",,"2025","7","51"
40,"P_016","Product 016","Grocery","BrandB","183.48","329.03","117374","107","7/17/2025","P_016","1","10",,"2025","7","52"
40,"P_047","Product 047","Grocery","BrandC","237.02","303.44","117447","105","7/24/2025","P_047","3","20",,"2025","7","52"
42,"P_043","Product 043","Home","BrandA","216.59","306.16","117376","102","7/3/2025","P_043","2","10",,"2025","7","53"
42,"P_044","Product 044","Grocery","BrandD","145.03","274.52","117395","101","7/22/2025","P_044","1","15",,"2025","7","53"
44,"P_015","Product 015","Home","BrandD","281.43","463.89","117445","105","7/20/2025","P_015","4","5",,"2025","7","55"
45,"P_036","Product 036","Sports","BrandD","115.24","225.27","117388","101","7/13/2025","P_036","3","15",,"2025","7","56"
45,"P_039","Product 039","Electronics","BrandD","179.34","242.93","117372","108","7/10/2025","P_039","4","10",,"2025","7","56"
47,"P_007","Product 007","Clothing","BrandD","133.42","217.47","117398","101","7/22/2025","P_007","2","0",,"2025","7","60"
48,"P_045","Product 045","Grocery","BrandA","68.92","109.5","117383","103","7/20/2025","P_045","2","0",,"2025","7","66"
49,"P_049","Product 049","Grocery","BrandD","372.65","441.43","117382","102","7/6/2025","P_049","4","0",,"2025","7","67"
50,"P_040","Product 040","Grocery","BrandA","196.15","286.01","117450","101","7/18/2025","P_040","3","20",,"2025","7","71"
1,"P_039","Product 039","Electronics","BrandD","179.34","242.93","117895","108","8/22/2025","P_039","5","0",,"2025","8","17"
2,"P_026","Product 026","Clothing","BrandB","148.98","285.01","117850","105","8/12/2025","P_026","3","5",,"2025","8","23"
2,"P_034","Product 034","Electronics","BrandD","301.56","358.22","117857","102","8/28/2025","P_034","2","5",,"2025","8","23"
4,"P_024","Product 024","Electronics","BrandC","208.42","299.74","117807","105","8/22/2025","P_024","4","20",,"2025","8","24"
5,"P_012","Product 012","Clothing","BrandD","260.56","358.56","117798","103","8/18/2025","P_012","2","15",,"2025","8","25"
6,"P_029","Product 029","Home","BrandB","316.8","425.97","117832","106","8/30/2025","P_029","2","20",,"2025","8","26"
6,"P_050","Product 050","Home","BrandB","202.07","315.93","117841","101","8/13/2025","P_050","3","10",,"2025","8","26"
8,"P_008","Product 008","Clothing","BrandC","110.44","203.49","117890","106","8/26/2025","P_008","3","0",,"2025","8","27"
8,"P_017","Product 017","Home","BrandB","314.84","458.33","117824","105","8/20/2025","P_017","2","15",,"2025","8","27"
10,"P_006","Product 006","Grocery","BrandA","14.29","17.66","117838","104","8/15/2025","P_006","1","10",,"2025","8","30"
10,"P_042","Product 042","Electronics","BrandD","54.28","78.27","117853","105","8/12/2025","P_042","2","5",,"2025","8","30"
12,"P_040","Product 040","Grocery","BrandA","196.15","286.01","117867","107","8/6/2025","P_040","5","20",,"2025","8","31"
13,"P_004","Product 004","Sports","BrandC","89.45","155.17","117811","104","8/16/2025","P_004","3","0",,"2025","8","32"
13,"P_007","Product 007","Clothing","BrandD","133.42","217.47","117810","108","8/17/2025","P_007","4","15",,"2025","8","32"
13,"P_025","Product 025","Electronics","BrandB","92.74","144.61","117805","107","8/21/2025","P_025","5","10",,"2025","8","32"
16,"P_020","Product 020","Home","BrandB","33.73","56.75","117810","101","8/17/2025","P_020","2","15",,"2025","8","33"
17,"P_010","Product 010","Sports","BrandB","13.81","16.9","117914","104","8/23/2025","P_010","3","5",,"2025","8","34"
18,"P_022","Product 022","Sports","BrandB","188.76","337.73","117965","102","8/22/2025","P_022","5","0",,"2025","8","35"
18,"P_023","Product 023","Home","BrandA","193.9","336.3","117816","101","8/26/2025","P_023","5","10",,"2025","8","35"
18,"P_027","Product 027","Clothing","BrandD","116.38","197.63","117810","104","8/17/2025","P_027","1","5",,"2025","8","35"
21,"P_038","Product 038","Sports","BrandC","324.13","448.92","117845","102","8/16/2025","P_038","1","5",,"2025","8","36"
21,"P_048","Product 048","Sports","BrandA","232.9","350.44","117825","108","8/30/2025","P_048","5","0",,"2025","8","36"
23,"P_016","Product 016","Grocery","BrandB","183.48","329.03","117814","104","8/25/2025","P_016","3","15",,"2025","8","37"
24,"P_041","Product 041","Home","BrandB","230.38","350.8","117818","108","8/21/2025","P_041","3","15",,"2025","8","38"
25,"P_043","Product 043","Home","BrandA","216.59","306.16","117804","103","8/19/2025","P_043","3","20",,"2025","8","39"
26,"P_009","Product 009","Clothing","BrandC","96.09","153.81","117815","105","8/16/2025","P_009","2","0",,"2025","8","41"
26,"P_037","Product 037","Clothing","BrandB","67.57","108.84","117800","102","8/31/2025","P_037","4","15",,"2025","8","41"
28,"P_019","Product 019","Electronics","BrandB","170.91","230.23","117812","102","8/12/2025","P_019","5","5",,"2025","8","42"
28,"P_046","Product 046","Electronics","BrandB","276","472","117812","102","8/12/2025","P_046","4","15",,"2025","8","42"
30,"P_036","Product 036","Sports","BrandD","115.24","225.27","117837","103","8/13/2025","P_036","1","5",,"2025","8","43"
31,"P_047","Product 047","Grocery","BrandC","237.02","303.44","117804","104","8/19/2025","P_047","5","5",,"2025","8","44"
32,"P_001","Product 001","Home","BrandD","291.46","482.98","117908","101","8/2/2025","P_001","2","15",,"2025","8","45"
32,"P_005","Product 005","Sports","BrandD","58.75","90.98","117803","106","8/28/2025","P_005","2","5",,"2025","8","45"
32,"P_018","Product 018","Sports","BrandB","285.64","426.52","117817","106","8/23/2025","P_018","4","15",,"2025","8","45"
35,"P_003","Product 003","Clothing","BrandD","95.83","145.24","117820","103","8/14/2025","P_003","2","10",,"2025","8","46"
36,"P_015","Product 015","Home","BrandD","281.43","463.89","117802","103","8/7/2025","P_015","5","0",,"2025","8","47"
36,"P_049","Product 049","Grocery","BrandD","372.65","441.43","117864","108","8/13/2025","P_049","1","5",,"2025","8","47"
38,"P_014","Product 014","Grocery","BrandD","191.33","306.92","117799","102","8/19/2025","P_014","2","0",,"2025","8","48"
39,"P_002","Product 002","Sports","BrandC","165.08","307.45","117806","103","8/1/2025","P_002","4","20",,"2025","8","49"
39,"P_028","Product 028","Grocery","BrandB","285.08","486.14","117813","101","8/1/2025","P_028","4","10",,"2025","8","49"
41,"P_032","Product 032","Home","BrandB","115.04","135.47","117806","103","8/1/2025","P_032","3","5",,"2025","8","50"
42,"P_030","Product 030","Home","BrandB","272.48","363.65","117822","107","8/21/2025","P_030","5","10",,"2025","8","51"
43,"P_013","Product 013","Sports","BrandB","198.67","397.19","117801","105","8/14/2025","P_013","1","10",,"2025","8","53"
44,"P_033","Product 033","Home","BrandC","17.69","29.81","117830","103","8/21/2025","P_033","4","15",,"2025","8","54"
45,"P_044","Product 044","Grocery","BrandD","145.03","274.52","117815","106","8/16/2025","P_044","3","15",,"2025","8","55"
46,"P_011","Product 011","Home","BrandA","63.95","107.43","117859","108","8/30/2025","P_011","1","20",,"2025","8","58"
46,"P_021","Product 021","Grocery","BrandD","112.23","191.7","117807","102","8/22/2025","P_021","5","20",,"2025","8","58"
48,"P_031","Product 031","Clothing","BrandD","69.33","125.63","117877","105","8/10/2025","P_031","5","10",,"2025","8","60"
49,"P_035","Product 035","Clothing","BrandC","41.43","64.34","117830","103","8/21/2025","P_035","5","15",,"2025","8","61"
50,"P_045","Product 045","Grocery","BrandA","68.92","109.5","117859","101","8/30/2025","P_045","1","5",,"2025","8","79"
1,"P_014","Product 014","Grocery","BrandD","191.33","306.92","118400","101","9/24/2025","P_014","2","0",,"2025","9","17"
2,"P_035","Product 035","Clothing","BrandC","41.43","64.34","118272","103","9/3/2025","P_035","3","20",,"2025","9","19"
3,"P_023","Product 023","Home","BrandA","193.9","336.3","118331","106","9/27/2025","P_023","4","0",,"2025","9","21"
4,"P_013","Product 013","Sports","BrandB","198.67","397.19","118289","104","9/28/2025","P_013","1","5",,"2025","9","24"
5,"P_042","Product 042","Electronics","BrandD","54.28","78.27","118345","108","9/19/2025","P_042","5","20",,"2025","9","26"
6,"P_047","Product 047","Grocery","BrandC","237.02","303.44","118288","101","9/22/2025","P_047","1","15",,"2025","9","27"
7,"P_039","Product 039","Electronics","BrandD","179.34","242.93","118280","102","9/17/2025","P_039","1","10",,"2025","9","29"
8,"P_010","Product 010","Sports","BrandB","13.81","16.9","118268","107","9/17/2025","P_010","3","20",,"2025","9","30"
8,"P_020","Product 020","Home","BrandB","33.73","56.75","118326","103","9/20/2025","P_020","1","15",,"2025","9","30"
10,"P_016","Product 016","Grocery","BrandB","183.48","329.03","118278","104","9/6/2025","P_016","3","20",,"2025","9","31"
11,"P_043","Product 043","Home","BrandA","216.59","306.16","118264","101","9/3/2025","P_043","3","5",,"2025","9","32"
12,"P_017","Product 017","Home","BrandB","314.84","458.33","118287","102","9/8/2025","P_017","1","0",,"2025","9","33"
13,"P_003","Product 003","Clothing","BrandD","95.83","145.24","118254","104","9/9/2025","P_003","4","20",,"2025","9","34"
14,"P_009","Product 009","Clothing","BrandC","96.09","153.81","118266","101","9/30/2025","P_009","4","5",,"2025","9","35"
14,"P_028","Product 028","Grocery","BrandB","285.08","486.14","118275","104","9/30/2025","P_028","2","10",,"2025","9","35"
14,"P_049","Product 049","Grocery","BrandD","372.65","441.43","118290","107","9/14/2025","P_049","3","0",,"2025","9","35"
17,"P_029","Product 029","Home","BrandB","316.8","425.97","118252","105","9/18/2025","P_029","2","10",,"2025","9","36"
18,"P_031","Product 031","Clothing","BrandD","69.33","125.63","118282","102","9/11/2025","P_031","2","10",,"2025","9","39"
18,"P_033","Product 033","Home","BrandC","17.69","29.81","118257","106","9/23/2025","P_033","5","5",,"2025","9","39"
18,"P_048","Product 048","Sports","BrandA","232.9","350.44","118257","108","9/23/2025","P_048","1","5",,"2025","9","39"
21,"P_007","Product 007","Clothing","BrandD","133.42","217.47","118256","106","9/17/2025","P_007","2","10",,"2025","9","40"
21,"P_011","Product 011","Home","BrandA","63.95","107.43","118288","104","9/22/2025","P_011","1","0",,"2025","9","40"
21,"P_030","Product 030","Home","BrandB","272.48","363.65","118254","107","9/9/2025","P_030","2","15",,"2025","9","40"
21,"P_032","Product 032","Home","BrandB","115.04","135.47","118262","104","9/11/2025","P_032","1","5",,"2025","9","40"
25,"P_021","Product 021","Grocery","BrandD","112.23","191.7","118287","102","9/8/2025","P_021","3","5",,"2025","9","41"
25,"P_038","Product 038","Sports","BrandC","324.13","448.92","118270","106","9/17/2025","P_038","3","0",,"2025","9","41"
27,"P_004","Product 004","Sports","BrandC","89.45","155.17","118258","102","9/2/2025","P_004","2","10",,"2025","9","42"
28,"P_026","Product 026","Clothing","BrandB","148.98","285.01","118394","105","9/5/2025","P_026","5","15",,"2025","9","43"
28,"P_046","Product 046","Electronics","BrandB","276","472","118332","102","9/29/2025","P_046","4","0",,"2025","9","43"
30,"P_018","Product 018","Sports","BrandB","285.64","426.52","118270","101","9/17/2025","P_018","2","15",,"2025","9","44"
30,"P_044","Product 044","Grocery","BrandD","145.03","274.52","118255","108","9/6/2025","P_044","1","15",,"2025","9","44"
32,"P_037","Product 037","Clothing","BrandB","67.57","108.84","118293","105","9/2/2025","P_037","2","20",,"2025","9","45"
32,"P_040","Product 040","Grocery","BrandA","196.15","286.01","118354","104","9/1/2025","P_040","3","10",,"2025","9","45"
34,"P_034","Product 034","Electronics","BrandD","301.56","358.22","118282","101","9/11/2025","P_034","1","20",,"2025","9","46"
35,"P_002","Product 002","Sports","BrandC","165.08","307.45","118268","101","9/17/2025","P_002","5","10",,"2025","9","47"
35,"P_045","Product 045","Grocery","BrandA","68.92","109.5","118251","108","9/3/2025","P_045","4","10",,"2025","9","47"
37,"P_036","Product 036","Sports","BrandD","115.24","225.27","118265","108","9/14/2025","P_036","5","0",,"2025","9","49"
38,"P_024","Product 024","Electronics","BrandC","208.42","299.74","118260","107","9/20/2025","P_024","3","15",,"2025","9","51"
38,"P_050","Product 050","Home","BrandB","202.07","315.93","118273","107","9/22/2025","P_050","5","20",,"2025","9","51"
40,"P_001","Product 001","Home","BrandD","291.46","482.98","118253","107","9/9/2025","P_001","3","0",,"2025","9","52"
40,"P_015","Product 015","Home","BrandD","281.43","463.89","118260","101","9/20/2025","P_015","4","0",,"2025","9","52"
42,"P_006","Product 006","Grocery","BrandA","14.29","17.66","118259","105","9/22/2025","P_006","1","10",,"2025","9","54"
43,"P_008","Product 008","Clothing","BrandC","110.44","203.49","118284","106","9/18/2025","P_008","1","15",,"2025","9","55"
43,"P_019","Product 019","Electronics","BrandB","170.91","230.23","118266","102","9/30/2025","P_019","5","5",,"2025","9","55"
45,"P_025","Product 025","Electronics","BrandB","92.74","144.61","118313","108","9/28/2025","P_025","3","15",,"2025","9","57"
46,"P_005","Product 005","Sports","BrandD","58.75","90.98","118269","108","9/4/2025","P_005","4","10",,"2025","9","58"
47,"P_012","Product 012","Clothing","BrandD","260.56","358.56","118274","106","9/21/2025","P_012","5","0",,"2025","9","59"
48,"P_027","Product 027","Clothing","BrandD","116.38","197.63","118256","108","9/17/2025","P_027","2","5",,"2025","9","68"
49,"P_041","Product 041","Home","BrandB","230.38","350.8","118257","107","9/23/2025","P_041","3","5",,"2025","9","71"
50,"P_022","Product 022","Sports","BrandB","188.76","337.73","118273","108","9/22/2025","P_022","4","5",,"2025","9","74"
1,"P_036","Product 036","Sports","BrandD","115.24","225.27","120053","103","1/22/2026","P_036","2","0",,"2026","1","11"
2,"P_014","Product 014","Grocery","BrandD","191.33","306.92","119964","108","1/10/2026","P_014","2","10",,"2026","1","18"
3,"P_004","Product 004","Sports","BrandC","89.45","155.17","120047","105","1/30/2026","P_004","5","0",,"2026","1","19"
3,"P_008","Product 008","Clothing","BrandC","110.44","203.49","119993","107","1/31/2026","P_008","5","0",,"2026","1","19"
5,"P_003","Product 003","Clothing","BrandD","95.83","145.24","120021","103","1/30/2026","P_003","5","10",,"2026","1","20"
5,"P_006","Product 006","Grocery","BrandA","14.29","17.66","119954","102","1/17/2026","P_006","2","0",,"2026","1","20"
7,"P_050","Product 050","Home","BrandB","202.07","315.93","119973","103","1/2/2026","P_050","3","20",,"2026","1","21"
8,"P_038","Product 038","Sports","BrandC","324.13","448.92","120009","106","1/7/2026","P_038","1","15",,"2026","1","22"
8,"P_049","Product 049","Grocery","BrandD","372.65","441.43","119981","103","1/8/2026","P_049","3","15",,"2026","1","22"
10,"P_028","Product 028","Grocery","BrandB","285.08","486.14","119934","106","1/16/2026","P_028","3","15",,"2026","1","23"
10,"P_033","Product 033","Home","BrandC","17.69","29.81","119929","107","1/20/2026","P_033","1","15",,"2026","1","23"
12,"P_027","Product 027","Clothing","BrandD","116.38","197.63","120036","107","1/3/2026","P_027","3","0",,"2026","1","24"
13,"P_029","Product 029","Home","BrandB","316.8","425.97","119950","105","1/20/2026","P_029","2","0",,"2026","1","25"
14,"P_019","Product 019","Electronics","BrandB","170.91","230.23","119940","102","1/23/2026","P_019","1","15",,"2026","1","26"
14,"P_037","Product 037","Clothing","BrandB","67.57","108.84","119961","107","1/2/2026","P_037","4","15",,"2026","1","26"
14,"P_041","Product 041","Home","BrandB","230.38","350.8","119936","107","1/4/2026","P_041","4","15",,"2026","1","26"
14,"P_046","Product 046","Electronics","BrandB","276","472","119959","105","1/9/2026","P_046","5","10",,"2026","1","26"
18,"P_040","Product 040","Grocery","BrandA","196.15","286.01","119975","106","1/10/2026","P_040","2","10",,"2026","1","27"
18,"P_045","Product 045","Grocery","BrandA","68.92","109.5","119963","102","1/18/2026","P_045","1","15",,"2026","1","27"
20,"P_009","Product 009","Clothing","BrandC","96.09","153.81","120075","104","1/13/2026","P_009","2","20",,"2026","1","28"
20,"P_015","Product 015","Home","BrandD","281.43","463.89","119948","106","1/14/2026","P_015","2","15",,"2026","1","28"
22,"P_022","Product 022","Sports","BrandB","188.76","337.73","119970","104","1/10/2026","P_022","5","5",,"2026","1","30"
22,"P_035","Product 035","Clothing","BrandC","41.43","64.34","119944","106","1/13/2026","P_035","4","0",,"2026","1","30"
22,"P_048","Product 048","Sports","BrandA","232.9","350.44","119953","104","1/15/2026","P_048","1","0",,"2026","1","30"
25,"P_043","Product 043","Home","BrandA","216.59","306.16","119932","101","1/6/2026","P_043","3","10",,"2026","1","31"
26,"P_001","Product 001","Home","BrandD","291.46","482.98","120010","106","1/15/2026","P_001","4","5",,"2026","1","32"
26,"P_025","Product 025","Electronics","BrandB","92.74","144.61","119938","107","1/6/2026","P_025","5","0",,"2026","1","32"
28,"P_020","Product 020","Home","BrandB","33.73","56.75","119993","104","1/31/2026","P_020","4","0",,"2026","1","33"
29,"P_011","Product 011","Home","BrandA","63.95","107.43","119949","102","1/17/2026","P_011","3","5",,"2026","1","34"
29,"P_018","Product 018","Sports","BrandB","285.64","426.52","119956","106","1/5/2026","P_018","4","20",,"2026","1","34"
29,"P_034","Product 034","Electronics","BrandD","301.56","358.22","119966","104","1/2/2026","P_034","5","10",,"2026","1","34"
32,"P_007","Product 007","Clothing","BrandD","133.42","217.47","119940","108","1/23/2026","P_007","4","20",,"2026","1","36"
33,"P_010","Product 010","Sports","BrandB","13.81","16.9","119945","103","1/4/2026","P_010","1","20",,"2026","1","37"
33,"P_047","Product 047","Grocery","BrandC","237.02","303.44","119928","106","1/8/2026","P_047","5","5",,"2026","1","37"
35,"P_016","Product 016","Grocery","BrandB","183.48","329.03","119941","105","1/20/2026","P_016","2","5",,"2026","1","39"
35,"P_026","Product 026","Clothing","BrandB","148.98","285.01","119937","101","1/15/2026","P_026","3","0",,"2026","1","39"
37,"P_021","Product 021","Grocery","BrandD","112.23","191.7","119968","104","1/6/2026","P_021","4","20",,"2026","1","40"
37,"P_042","Product 042","Electronics","BrandD","54.28","78.27","119935","107","1/27/2026","P_042","3","0",,"2026","1","40"
39,"P_005","Product 005","Sports","BrandD","58.75","90.98","119933","102","1/27/2026","P_005","4","5",,"2026","1","41"
39,"P_023","Product 023","Home","BrandA","193.9","336.3","119943","107","1/10/2026","P_023","2","0",,"2026","1","41"
41,"P_017","Product 017","Home","BrandB","314.84","458.33","119929","103","1/20/2026","P_017","5","5",,"2026","1","42"
41,"P_039","Product 039","Electronics","BrandD","179.34","242.93","119964","106","1/10/2026","P_039","4","20",,"2026","1","42"
43,"P_012","Product 012","Clothing","BrandD","260.56","358.56","119931","103","1/8/2026","P_012","1","5",,"2026","1","43"
43,"P_031","Product 031","Clothing","BrandD","69.33","125.63","119967","103","1/1/2026","P_031","4","15",,"2026","1","43"
45,"P_024","Product 024","Electronics","BrandC","208.42","299.74","119930","102","1/12/2026","P_024","4","5",,"2026","1","47"
46,"P_013","Product 013","Sports","BrandB","198.67","397.19","119928","107","1/8/2026","P_013","4","20",,"2026","1","50"
47,"P_030","Product 030","Home","BrandB","272.48","363.65","119983","108","1/13/2026","P_030","5","5",,"2026","1","53"
47,"P_044","Product 044","Grocery","BrandD","145.03","274.52","119934","104","1/16/2026","P_044","4","15",,"2026","1","53"
49,"P_032","Product 032","Home","BrandB","115.04","135.47","119929","102","1/20/2026","P_032","5","20",,"2026","1","65"
50,"P_002","Product 002","Sports","BrandC","165.08","307.45","120042","104","1/10/2026","P_002","4","0",,"2026","1","9"
1,"P_011","Product 011","Home","BrandA","63.95","107.43","120359","104","2/12/2026","P_011","4","10",,"2026","2","24"
1,"P_032","Product 032","Home","BrandB","115.04","135.47","120289","102","2/9/2026","P_032","1","10",,"2026","2","24"
3,"P_004","Product 004","Sports","BrandC","89.45","155.17","120312","103","2/17/2026","P_004","1","0",,"2026","2","25"
3,"P_035","Product 035","Clothing","BrandC","41.43","64.34","120285","104","2/28/2026","P_035","1","5",,"2026","2","25"
3,"P_047","Product 047","Grocery","BrandC","237.02","303.44","120382","107","2/17/2026","P_047","1","15",,"2026","2","25"
6,"P_049","Product 049","Grocery","BrandD","372.65","441.43","120357","106","2/21/2026","P_049","3","15",,"2026","2","26"
7,"P_042","Product 042","Electronics","BrandD","54.28","78.27","120288","102","2/12/2026","P_042","2","10",,"2026","2","27"
8,"P_027","Product 027","Clothing","BrandD","116.38","197.63","120356","104","2/15/2026","P_027","5","5",,"2026","2","32"
8,"P_038","Product 038","Sports","BrandC","324.13","448.92","120313","108","2/21/2026","P_038","1","0",,"2026","2","32"
10,"P_017","Product 017","Home","BrandB","314.84","458.33","120371","106","2/9/2026","P_017","1","5",,"2026","2","34"
11,"P_031","Product 031","Clothing","BrandD","69.33","125.63","120295","105","2/7/2026","P_031","1","20",,"2026","2","37"
12,"P_048","Product 048","Sports","BrandA","232.9","350.44","120318","103","2/18/2026","P_048","3","10",,"2026","2","38"
12,"P_050","Product 050","Home","BrandB","202.07","315.93","120304","102","2/21/2026","P_050","3","15",,"2026","2","38"
14,"P_020","Product 020","Home","BrandB","33.73","56.75","120298","105","2/17/2026","P_020","2","10",,"2026","2","40"
15,"P_012","Product 012","Clothing","BrandD","260.56","358.56","120302","105","2/26/2026","P_012","2","5",,"2026","2","41"
16,"P_006","Product 006","Grocery","BrandA","14.29","17.66","120291","108","2/7/2026","P_006","1","15",,"2026","2","42"
17,"P_009","Product 009","Clothing","BrandC","96.09","153.81","120328","108","2/21/2026","P_009","3","20",,"2026","2","43"
17,"P_014","Product 014","Grocery","BrandD","191.33","306.92","120290","104","2/13/2026","P_014","5","15",,"2026","2","43"
17,"P_024","Product 024","Electronics","BrandC","208.42","299.74","120341","103","2/1/2026","P_024","1","15",,"2026","2","43"
20,"P_001","Product 001","Home","BrandD","291.46","482.98","120323","107","2/4/2026","P_001","3","10",,"2026","2","44"
20,"P_041","Product 041","Home","BrandB","230.38","350.8","120320","105","2/20/2026","P_041","5","10",,"2026","2","44"
22,"P_022","Product 022","Sports","BrandB","188.76","337.73","120288","106","2/12/2026","P_022","5","0",,"2026","2","45"
22,"P_028","Product 028","Grocery","BrandB","285.08","486.14","120293","103","2/8/2026","P_028","4","0",,"2026","2","45"
24,"P_005","Product 005","Sports","BrandD","58.75","90.98","120315","107","2/10/2026","P_005","1","15",,"2026","2","46"
25,"P_025","Product 025","Electronics","BrandB","92.74","144.61","120385","108","2/12/2026","P_025","2","20",,"2026","2","47"
25,"P_045","Product 045","Grocery","BrandA","68.92","109.5","120303","104","2/18/2026","P_045","2","20",,"2026","2","47"
25,"P_046","Product 046","Electronics","BrandB","276","472","120292","106","2/25/2026","P_046","5","10",,"2026","2","47"
28,"P_033","Product 033","Home","BrandC","17.69","29.81","120310","101","2/15/2026","P_033","4","15",,"2026","2","48"
29,"P_002","Product 002","Sports","BrandC","165.08","307.45","120287","101","2/6/2026","P_002","1","5",,"2026","2","49"
30,"P_021","Product 021","Grocery","BrandD","112.23","191.7","120323","108","2/4/2026","P_021","4","15",,"2026","2","51"
31,"P_023","Product 023","Home","BrandA","193.9","336.3","120294","101","2/19/2026","P_023","5","15",,"2026","2","52"
31,"P_044","Product 044","Grocery","BrandD","145.03","274.52","120286","108","2/19/2026","P_044","5","15",,"2026","2","52"
33,"P_036","Product 036","Sports","BrandD","115.24","225.27","120400","103","2/12/2026","P_036","4","10",,"2026","2","53"
34,"P_018","Product 018","Sports","BrandB","285.64","426.52","120308","103","2/18/2026","P_018","4","20",,"2026","2","54"
35,"P_013","Product 013","Sports","BrandB","198.67","397.19","120297","105","2/8/2026","P_013","2","10",,"2026","2","55"
36,"P_019","Product 019","Electronics","BrandB","170.91","230.23","120301","102","2/20/2026","P_019","2","15",,"2026","2","56"
36,"P_039","Product 039","Electronics","BrandD","179.34","242.93","120299","102","2/12/2026","P_039","3","15",,"2026","2","56"
38,"P_010","Product 010","Sports","BrandB","13.81","16.9","120354","106","2/17/2026","P_010","3","5",,"2026","2","58"
38,"P_040","Product 040","Grocery","BrandA","196.15","286.01","120284","104","2/12/2026","P_040","3","10",,"2026","2","58"
40,"P_008","Product 008","Clothing","BrandC","110.44","203.49","120298","104","2/17/2026","P_008","4","20",,"2026","2","59"
40,"P_029","Product 029","Home","BrandB","316.8","425.97","120297","102","2/8/2026","P_029","3","15",,"2026","2","59"
42,"P_015","Product 015","Home","BrandD","281.43","463.89","120293","104","2/8/2026","P_015","1","10",,"2026","2","60"
43,"P_030","Product 030","Home","BrandB","272.48","363.65","120294","106","2/19/2026","P_030","3","0",,"2026","2","62"
44,"P_043","Product 043","Home","BrandA","216.59","306.16","120321","101","2/12/2026","P_043","1","5",,"2026","2","64"
45,"P_016","Product 016","Grocery","BrandB","183.48","329.03","120303","101","2/18/2026","P_016","5","0",,"2026","2","65"
46,"P_037","Product 037","Clothing","BrandB","67.57","108.84","120291","104","2/7/2026","P_037","1","0",,"2026","2","69"
47,"P_034","Product 034","Electronics","BrandD","301.56","358.22","120296","102","2/13/2026","P_034","3","20",,"2026","2","76"
48,"P_026","Product 026","Clothing","BrandB","148.98","285.01","120292","103","2/25/2026","P_026","4","10",,"2026","2","79"
49,"P_007","Product 007","Clothing","BrandD","133.42","217.47","120301","106","2/20/2026","P_007","1","5",,"2026","2","82"
50,"P_003","Product 003","Clothing","BrandD","95.83","145.24","120284","103","2/12/2026","P_003","4","5",,"2026","2","84"
1,"P_019","Product 019","Electronics","BrandB","170.91","230.23","120787","105","3/11/2026","P_019","2","10",,"2026","3","13"
2,"P_047","Product 047","Grocery","BrandC","237.02","303.44","120872","107","3/26/2026","P_047","3","0",,"2026","3","16"
3,"P_003","Product 003","Clothing","BrandD","95.83","145.24","120786","108","3/30/2026","P_003","4","0",,"2026","3","25"
3,"P_015","Product 015","Home","BrandD","281.43","463.89","120793","104","3/11/2026","P_015","2","10",,"2026","3","25"
3,"P_024","Product 024","Electronics","BrandC","208.42","299.74","120801","103","3/30/2026","P_024","2","20",,"2026","3","25"
3,"P_025","Product 025","Electronics","BrandB","92.74","144.61","120812","101","3/14/2026","P_025","1","5",,"2026","3","25"
7,"P_022","Product 022","Sports","BrandB","188.76","337.73","120845","101","3/28/2026","P_022","3","15",,"2026","3","26"
7,"P_039","Product 039","Electronics","BrandD","179.34","242.93","120930","105","3/5/2026","P_039","1","0",,"2026","3","26"
7,"P_040","Product 040","Grocery","BrandA","196.15","286.01","120881","102","3/2/2026","P_040","2","20",,"2026","3","26"
10,"P_004","Product 004","Sports","BrandC","89.45","155.17","120931","103","3/5/2026","P_004","4","0",,"2026","3","27"
11,"P_007","Product 007","Clothing","BrandD","133.42","217.47","120785","102","3/10/2026","P_007","1","0",,"2026","3","28"
12,"P_009","Product 009","Clothing","BrandC","96.09","153.81","120824","101","3/18/2026","P_009","5","10",,"2026","3","33"
12,"P_020","Product 020","Home","BrandB","33.73","56.75","120827","102","3/29/2026","P_020","2","10",,"2026","3","33"
12,"P_023","Product 023","Home","BrandA","193.9","336.3","120883","107","3/25/2026","P_023","5","20",,"2026","3","33"
15,"P_002","Product 002","Sports","BrandC","165.08","307.45","120791","104","3/14/2026","P_002","1","0",,"2026","3","35"
15,"P_029","Product 029","Home","BrandB","316.8","425.97","120784","106","3/30/2026","P_029","5","0",,"2026","3","35"
15,"P_043","Product 043","Home","BrandA","216.59","306.16","120789","108","3/26/2026","P_043","5","20",,"2026","3","35"
18,"P_014","Product 014","Grocery","BrandD","191.33","306.92","120796","102","3/4/2026","P_014","5","15",,"2026","3","36"
18,"P_028","Product 028","Grocery","BrandB","285.08","486.14","120809","106","3/2/2026","P_028","4","10",,"2026","3","36"
18,"P_038","Product 038","Sports","BrandC","324.13","448.92","120789","101","3/26/2026","P_038","3","10",,"2026","3","36"
21,"P_016","Product 016","Grocery","BrandB","183.48","329.03","120801","102","3/30/2026","P_016","4","5",,"2026","3","37"
21,"P_031","Product 031","Clothing","BrandD","69.33","125.63","120795","108","3/12/2026","P_031","4","10",,"2026","3","37"
21,"P_045","Product 045","Grocery","BrandA","68.92","109.5","120823","102","3/29/2026","P_045","1","15",,"2026","3","37"
24,"P_012","Product 012","Clothing","BrandD","260.56","358.56","120816","104","3/11/2026","P_012","1","20",,"2026","3","38"
24,"P_044","Product 044","Grocery","BrandD","145.03","274.52","120905","107","3/8/2026","P_044","4","0",,"2026","3","38"
26,"P_035","Product 035","Clothing","BrandC","41.43","64.34","120777","104","3/11/2026","P_035","3","10",,"2026","3","39"
27,"P_018","Product 018","Sports","BrandB","285.64","426.52","120788","103","3/5/2026","P_018","3","20",,"2026","3","41"
28,"P_027","Product 027","Clothing","BrandD","116.38","197.63","120815","104","3/4/2026","P_027","4","10",,"2026","3","42"
29,"P_030","Product 030","Home","BrandB","272.48","363.65","120777","104","3/11/2026","P_030","2","15",,"2026","3","43"
30,"P_001","Product 001","Home","BrandD","291.46","482.98","120790","101","3/6/2026","P_001","2","20",,"2026","3","44"
30,"P_042","Product 042","Electronics","BrandD","54.28","78.27","120813","108","3/18/2026","P_042","4","20",,"2026","3","44"
30,"P_046","Product 046","Electronics","BrandB","276","472","120799","104","3/16/2026","P_046","5","20",,"2026","3","44"
33,"P_010","Product 010","Sports","BrandB","13.81","16.9","120782","104","3/3/2026","P_010","2","0",,"2026","3","45"
33,"P_011","Product 011","Home","BrandA","63.95","107.43","120782","108","3/3/2026","P_011","1","20",,"2026","3","45"
33,"P_021","Product 021","Grocery","BrandD","112.23","191.7","120845","105","3/28/2026","P_021","4","5",,"2026","3","45"
33,"P_036","Product 036","Sports","BrandD","115.24","225.27","120782","104","3/3/2026","P_036","4","20",,"2026","3","45"
37,"P_017","Product 017","Home","BrandB","314.84","458.33","120837","103","3/28/2026","P_017","4","20",,"2026","3","47"
37,"P_033","Product 033","Home","BrandC","17.69","29.81","120797","107","3/25/2026","P_033","1","0",,"2026","3","47"
37,"P_037","Product 037","Clothing","BrandB","67.57","108.84","120850","103","3/21/2026","P_037","1","5",,"2026","3","47"
40,"P_049","Product 049","Grocery","BrandD","372.65","441.43","120778","102","3/1/2026","P_049","5","15",,"2026","3","49"
41,"P_008","Product 008","Clothing","BrandC","110.44","203.49","120780","107","3/18/2026","P_008","3","10",,"2026","3","50"
41,"P_041","Product 041","Home","BrandB","230.38","350.8","120790","102","3/6/2026","P_041","4","5",,"2026","3","50"
41,"P_048","Product 048","Sports","BrandA","232.9","350.44","120784","101","3/30/2026","P_048","3","10",,"2026","3","50"
44,"P_006","Product 006","Grocery","BrandA","14.29","17.66","120819","104","3/20/2026","P_006","3","0",,"2026","3","51"
44,"P_034","Product 034","Electronics","BrandD","301.56","358.22","120831","108","3/7/2026","P_034","4","15",,"2026","3","51"
46,"P_013","Product 013","Sports","BrandB","198.67","397.19","120781","104","3/24/2026","P_013","2","20",,"2026","3","54"
47,"P_026","Product 026","Clothing","BrandB","148.98","285.01","120784","102","3/30/2026","P_026","2","10",,"2026","3","57"
48,"P_032","Product 032","Home","BrandB","115.04","135.47","120779","102","3/9/2026","P_032","5","5",,"2026","3","59"
49,"P_050","Product 050","Home","BrandB","202.07","315.93","120794","101","3/15/2026","P_050","5","5",,"2026","3","62"
50,"P_005","Product 005","Sports","BrandD","58.75","90.98","120821","104","3/6/2026","P_005","2","15",,"2026","3","77"
